[      76ms] [LOG] [Fast Refresh] done in 6ms @ http://localhost:3000/_next/static/chunks/0484_next_dist_0_l-60x._.js:776
[     199ms] [LOG] [Fast Refresh] done in 6ms @ http://localhost:3000/_next/static/chunks/0484_next_dist_0_l-60x._.js:776
[     260ms] [LOG] [Fast Refresh] done in 6ms @ http://localhost:3000/_next/static/chunks/0484_next_dist_0_l-60x._.js:776
[     319ms] [LOG] [Fast Refresh] done in 6ms @ http://localhost:3000/_next/static/chunks/0484_next_dist_0_l-60x._.js:776
[     387ms] [LOG] [Fast Refresh] done in 6ms @ http://localhost:3000/_next/static/chunks/0484_next_dist_0_l-60x._.js:776
[     452ms] [LOG] [Fast Refresh] done in 6ms @ http://localhost:3000/_next/static/chunks/0484_next_dist_0_l-60x._.js:776
[     522ms] [LOG] [Fast Refresh] done in 6ms @ http://localhost:3000/_next/static/chunks/0484_next_dist_0_l-60x._.js:776
[     593ms] [LOG] [Fast Refresh] done in 6ms @ http://localhost:3000/_next/static/chunks/0484_next_dist_0_l-60x._.js:776
[     681ms] [LOG] [Fast Refresh] done in 6ms @ http://localhost:3000/_next/static/chunks/0484_next_dist_0_l-60x._.js:776
[     762ms] [LOG] [Fast Refresh] done in 6ms @ http://localhost:3000/_next/static/chunks/0484_next_dist_0_l-60x._.js:776
[     827ms] [LOG] [Fast Refresh] done in 6ms @ http://localhost:3000/_next/static/chunks/0484_next_dist_0_l-60x._.js:776
[     883ms] [LOG] [Fast Refresh] done in 6ms @ http://localhost:3000/_next/static/chunks/0484_next_dist_0_l-60x._.js:776
[     949ms] [LOG] [Fast Refresh] done in 6ms @ http://localhost:3000/_next/static/chunks/0484_next_dist_0_l-60x._.js:776
[    1013ms] [LOG] [Fast Refresh] done in 6ms @ http://localhost:3000/_next/static/chunks/0484_next_dist_0_l-60x._.js:776
[    1091ms] [LOG] [Fast Refresh] done in 6ms @ http://localhost:3000/_next/static/chunks/0484_next_dist_0_l-60x._.js:776
[    1639ms] [INFO] %cDownload the React DevTools for a better development experience: https://react.dev/link/react-devtools font-weight:bold @ http://localhost:3000/_next/static/chunks/0484_next_dist_0_l-60x._.js:776
[    1660ms] [LOG] [HMR] connected @ http://localhost:3000/_next/static/chunks/0484_next_dist_0_l-60x._.js:776
[   21242ms] [ERROR] ./src/components/slot-picker.tsx:403:1
Error: Unexpected token. Did you mean `{'}'}` or `&rbrace;`?
  401 |     </div>
  402 |   );
> 403 | }
      | ^
  404 |

Parsing ecmascript source code failed

Import traces:
  Client Component Browser:
    ./src/components/slot-picker.tsx [Client Component Browser]
    ./src/app/book/BookingFlow.tsx [Client Component Browser]
    ./src/app/book/BookingFlow.tsx [Server Component]
    ./src/app/book/page.tsx [Server Component]

  Client Component SSR:
    ./src/components/slot-picker.tsx [Client Component SSR]
    ./src/app/book/BookingFlow.tsx [Client Component SSR]
    ./src/app/book/BookingFlow.tsx [Server Component]
    ./src/app/book/page.tsx [Server Component] @ http://localhost:3000/_next/static/chunks/0484_next_dist_0_l-60x._.js:1052
[   21288ms] [LOG] [Fast Refresh] rebuilding @ http://localhost:3000/_next/static/chunks/0484_next_dist_0_l-60x._.js:776
[   21341ms] [ERROR] ./src/components/slot-picker.tsx:403:1
Error: Unexpected token. Did you mean `{'}'}` or `&rbrace;`?
  401 |     </div>
  402 |   );
> 403 | }
      | ^
  404 |

Parsing ecmascript source code failed

Import traces:
  Client Component Browser:
    ./src/components/slot-picker.tsx [Client Component Browser]
    ./src/app/book/BookingFlow.tsx [Client Component Browser]
    ./src/app/book/BookingFlow.tsx [Server Component]
    ./src/app/book/page.tsx [Server Component]

  Client Component SSR:
    ./src/components/slot-picker.tsx [Client Component SSR]
    ./src/app/book/BookingFlow.tsx [Client Component SSR]
    ./src/app/book/BookingFlow.tsx [Server Component]
    ./src/app/book/page.tsx [Server Component] @ http://localhost:3000/_next/static/chunks/0484_next_dist_0_l-60x._.js:1052
[   21423ms] [ERROR] ./src/components/slot-picker.tsx:403:1
Error: Unexpected token. Did you mean `{'}'}` or `&rbrace;`?
  401 |     </div>
  402 |   );
> 403 | }
      | ^
  404 |

Parsing ecmascript source code failed

Import traces:
  Client Component Browser:
    ./src/components/slot-picker.tsx [Client Component Browser]
    ./src/app/book/BookingFlow.tsx [Client Component Browser]
    ./src/app/book/BookingFlow.tsx [Server Component]
    ./src/app/book/page.tsx [Server Component]

  Client Component SSR:
    ./src/components/slot-picker.tsx [Client Component SSR]
    ./src/app/book/BookingFlow.tsx [Client Component SSR]
    ./src/app/book/BookingFlow.tsx [Server Component]
    ./src/app/book/page.tsx [Server Component] @ http://localhost:3000/_next/static/chunks/0484_next_dist_0_l-60x._.js:1052
[   21491ms] [ERROR] ./src/components/slot-picker.tsx:403:1
Error: Unexpected token. Did you mean `{'}'}` or `&rbrace;`?
  401 |     </div>
  402 |   );
> 403 | }
      | ^
  404 |

Parsing ecmascript source code failed

Import traces:
  Client Component Browser:
    ./src/components/slot-picker.tsx [Client Component Browser]
    ./src/app/book/BookingFlow.tsx [Client Component Browser]
    ./src/app/book/BookingFlow.tsx [Server Component]
    ./src/app/book/page.tsx [Server Component]

  Client Component SSR:
    ./src/components/slot-picker.tsx [Client Component SSR]
    ./src/app/book/BookingFlow.tsx [Client Component SSR]
    ./src/app/book/BookingFlow.tsx [Server Component]
    ./src/app/book/page.tsx [Server Component] @ http://localhost:3000/_next/static/chunks/0484_next_dist_0_l-60x._.js:1052
[   21647ms] [ERROR] ./src/components/slot-picker.tsx:403:1
Error: Unexpected token. Did you mean `{'}'}` or `&rbrace;`?
  401 |     </div>
  402 |   );
> 403 | }
      | ^
  404 |

Parsing ecmascript source code failed

Import traces:
  Client Component Browser:
    ./src/components/slot-picker.tsx [Client Component Browser]
    ./src/app/book/BookingFlow.tsx [Client Component Browser]
    ./src/app/book/BookingFlow.tsx [Server Component]
    ./src/app/book/page.tsx [Server Component]

  Client Component SSR:
    ./src/components/slot-picker.tsx [Client Component SSR]
    ./src/app/book/BookingFlow.tsx [Client Component SSR]
    ./src/app/book/BookingFlow.tsx [Server Component]
    ./src/app/book/page.tsx [Server Component] @ http://localhost:3000/_next/static/chunks/0484_next_dist_0_l-60x._.js:1052
[   21730ms] [ERROR] ./src/components/slot-picker.tsx:403:1
Error: Unexpected token. Did you mean `{'}'}` or `&rbrace;`?
  401 |     </div>
  402 |   );
> 403 | }
      | ^
  404 |

Parsing ecmascript source code failed

Import traces:
  Client Component Browser:
    ./src/components/slot-picker.tsx [Client Component Browser]
    ./src/app/book/BookingFlow.tsx [Client Component Browser]
    ./src/app/book/BookingFlow.tsx [Server Component]
    ./src/app/book/page.tsx [Server Component]

  Client Component SSR:
    ./src/components/slot-picker.tsx [Client Component SSR]
    ./src/app/book/BookingFlow.tsx [Client Component SSR]
    ./src/app/book/BookingFlow.tsx [Server Component]
    ./src/app/book/page.tsx [Server Component] @ http://localhost:3000/_next/static/chunks/0484_next_dist_0_l-60x._.js:1052
[   21810ms] [ERROR] ./src/components/slot-picker.tsx:403:1
Error: Unexpected token. Did you mean `{'}'}` or `&rbrace;`?
  401 |     </div>
  402 |   );
> 403 | }
      | ^
  404 |

Parsing ecmascript source code failed

Import traces:
  Client Component Browser:
    ./src/components/slot-picker.tsx [Client Component Browser]
    ./src/app/book/BookingFlow.tsx [Client Component Browser]
    ./src/app/book/BookingFlow.tsx [Server Component]
    ./src/app/book/page.tsx [Server Component]

  Client Component SSR:
    ./src/components/slot-picker.tsx [Client Component SSR]
    ./src/app/book/BookingFlow.tsx [Client Component SSR]
    ./src/app/book/BookingFlow.tsx [Server Component]
    ./src/app/book/page.tsx [Server Component] @ http://localhost:3000/_next/static/chunks/0484_next_dist_0_l-60x._.js:1052
[   21900ms] [ERROR] ./src/components/slot-picker.tsx:403:1
Error: Unexpected token. Did you mean `{'}'}` or `&rbrace;`?
  401 |     </div>
  402 |   );
> 403 | }
      | ^
  404 |

Parsing ecmascript source code failed

Import traces:
  Client Component Browser:
    ./src/components/slot-picker.tsx [Client Component Browser]
    ./src/app/book/BookingFlow.tsx [Client Component Browser]
    ./src/app/book/BookingFlow.tsx [Server Component]
    ./src/app/book/page.tsx [Server Component]

  Client Component SSR:
    ./src/components/slot-picker.tsx [Client Component SSR]
    ./src/app/book/BookingFlow.tsx [Client Component SSR]
    ./src/app/book/BookingFlow.tsx [Server Component]
    ./src/app/book/page.tsx [Server Component] @ http://localhost:3000/_next/static/chunks/0484_next_dist_0_l-60x._.js:1052
[   21976ms] [ERROR] ./src/components/slot-picker.tsx:403:1
Error: Unexpected token. Did you mean `{'}'}` or `&rbrace;`?
  401 |     </div>
  402 |   );
> 403 | }
      | ^
  404 |

Parsing ecmascript source code failed

Import traces:
  Client Component Browser:
    ./src/components/slot-picker.tsx [Client Component Browser]
    ./src/app/book/BookingFlow.tsx [Client Component Browser]
    ./src/app/book/BookingFlow.tsx [Server Component]
    ./src/app/book/page.tsx [Server Component]

  Client Component SSR:
    ./src/components/slot-picker.tsx [Client Component SSR]
    ./src/app/book/BookingFlow.tsx [Client Component SSR]
    ./src/app/book/BookingFlow.tsx [Server Component]
    ./src/app/book/page.tsx [Server Component] @ http://localhost:3000/_next/static/chunks/0484_next_dist_0_l-60x._.js:1052
[   22060ms] [ERROR] ./src/components/slot-picker.tsx:403:1
Error: Unexpected token. Did you mean `{'}'}` or `&rbrace;`?
  401 |     </div>
  402 |   );
> 403 | }
      | ^
  404 |

Parsing ecmascript source code failed

Import traces:
  Client Component Browser:
    ./src/components/slot-picker.tsx [Client Component Browser]
    ./src/app/book/BookingFlow.tsx [Client Component Browser]
    ./src/app/book/BookingFlow.tsx [Server Component]
    ./src/app/book/page.tsx [Server Component]

  Client Component SSR:
    ./src/components/slot-picker.tsx [Client Component SSR]
    ./src/app/book/BookingFlow.tsx [Client Component SSR]
    ./src/app/book/BookingFlow.tsx [Server Component]
    ./src/app/book/page.tsx [Server Component] @ http://localhost:3000/_next/static/chunks/0484_next_dist_0_l-60x._.js:1052
[   22139ms] [ERROR] ./src/components/slot-picker.tsx:403:1
Error: Unexpected token. Did you mean `{'}'}` or `&rbrace;`?
  401 |     </div>
  402 |   );
> 403 | }
      | ^
  404 |

Parsing ecmascript source code failed

Import traces:
  Client Component Browser:
    ./src/components/slot-picker.tsx [Client Component Browser]
    ./src/app/book/BookingFlow.tsx [Client Component Browser]
    ./src/app/book/BookingFlow.tsx [Server Component]
    ./src/app/book/page.tsx [Server Component]

  Client Component SSR:
    ./src/components/slot-picker.tsx [Client Component SSR]
    ./src/app/book/BookingFlow.tsx [Client Component SSR]
    ./src/app/book/BookingFlow.tsx [Server Component]
    ./src/app/book/page.tsx [Server Component] @ http://localhost:3000/_next/static/chunks/0484_next_dist_0_l-60x._.js:1052
[   22212ms] [ERROR] ./src/components/slot-picker.tsx:403:1
Error: Unexpected token. Did you mean `{'}'}` or `&rbrace;`?
  401 |     </div>
  402 |   );
> 403 | }
      | ^
  404 |

Parsing ecmascript source code failed

Import traces:
  Client Component Browser:
    ./src/components/slot-picker.tsx [Client Component Browser]
    ./src/app/book/BookingFlow.tsx [Client Component Browser]
    ./src/app/book/BookingFlow.tsx [Server Component]
    ./src/app/book/page.tsx [Server Component]

  Client Component SSR:
    ./src/components/slot-picker.tsx [Client Component SSR]
    ./src/app/book/BookingFlow.tsx [Client Component SSR]
    ./src/app/book/BookingFlow.tsx [Server Component]
    ./src/app/book/page.tsx [Server Component] @ http://localhost:3000/_next/static/chunks/0484_next_dist_0_l-60x._.js:1052
[   22298ms] [ERROR] ./src/components/slot-picker.tsx:403:1
Error: Unexpected token. Did you mean `{'}'}` or `&rbrace;`?
  401 |     </div>
  402 |   );
> 403 | }
      | ^
  404 |

Parsing ecmascript source code failed

Import traces:
  Client Component Browser:
    ./src/components/slot-picker.tsx [Client Component Browser]
    ./src/app/book/BookingFlow.tsx [Client Component Browser]
    ./src/app/book/BookingFlow.tsx [Server Component]
    ./src/app/book/page.tsx [Server Component]

  Client Component SSR:
    ./src/components/slot-picker.tsx [Client Component SSR]
    ./src/app/book/BookingFlow.tsx [Client Component SSR]
    ./src/app/book/BookingFlow.tsx [Server Component]
    ./src/app/book/page.tsx [Server Component] @ http://localhost:3000/_next/static/chunks/0484_next_dist_0_l-60x._.js:1052
[   22366ms] [ERROR] ./src/components/slot-picker.tsx:403:1
Error: Unexpected token. Did you mean `{'}'}` or `&rbrace;`?
  401 |     </div>
  402 |   );
> 403 | }
      | ^
  404 |

Parsing ecmascript source code failed

Import traces:
  Client Component Browser:
    ./src/components/slot-picker.tsx [Client Component Browser]
    ./src/app/book/BookingFlow.tsx [Client Component Browser]
    ./src/app/book/BookingFlow.tsx [Server Component]
    ./src/app/book/page.tsx [Server Component]

  Client Component SSR:
    ./src/components/slot-picker.tsx [Client Component SSR]
    ./src/app/book/BookingFlow.tsx [Client Component SSR]
    ./src/app/book/BookingFlow.tsx [Server Component]
    ./src/app/book/page.tsx [Server Component] @ http://localhost:3000/_next/static/chunks/0484_next_dist_0_l-60x._.js:1052
[   22437ms] [ERROR] ./src/components/slot-picker.tsx:403:1
Error: Unexpected token. Did you mean `{'}'}` or `&rbrace;`?
  401 |     </div>
  402 |   );
> 403 | }
      | ^
  404 |

Parsing ecmascript source code failed

Import traces:
  Client Component Browser:
    ./src/components/slot-picker.tsx [Client Component Browser]
    ./src/app/book/BookingFlow.tsx [Client Component Browser]
    ./src/app/book/BookingFlow.tsx [Server Component]
    ./src/app/book/page.tsx [Server Component]

  Client Component SSR:
    ./src/components/slot-picker.tsx [Client Component SSR]
    ./src/app/book/BookingFlow.tsx [Client Component SSR]
    ./src/app/book/BookingFlow.tsx [Server Component]
    ./src/app/book/page.tsx [Server Component] @ http://localhost:3000/_next/static/chunks/0484_next_dist_0_l-60x._.js:1052
[   22612ms] [ERROR] ./src/components/slot-picker.tsx:403:1
Error: Unexpected token. Did you mean `{'}'}` or `&rbrace;`?
  401 |     </div>
  402 |   );
> 403 | }
      | ^
  404 |

Parsing ecmascript source code failed

Import traces:
  Client Component Browser:
    ./src/components/slot-picker.tsx [Client Component Browser]
    ./src/app/book/BookingFlow.tsx [Client Component Browser]
    ./src/app/book/BookingFlow.tsx [Server Component]
    ./src/app/book/page.tsx [Server Component]

  Client Component SSR:
    ./src/components/slot-picker.tsx [Client Component SSR]
    ./src/app/book/BookingFlow.tsx [Client Component SSR]
    ./src/app/book/BookingFlow.tsx [Server Component]
    ./src/app/book/page.tsx [Server Component] @ http://localhost:3000/_next/static/chunks/0484_next_dist_0_l-60x._.js:1052
[   22684ms] [ERROR] ./src/components/slot-picker.tsx:403:1
Error: Unexpected token. Did you mean `{'}'}` or `&rbrace;`?
  401 |     </div>
  402 |   );
> 403 | }
      | ^
  404 |

Parsing ecmascript source code failed

Import traces:
  Client Component Browser:
    ./src/components/slot-picker.tsx [Client Component Browser]
    ./src/app/book/BookingFlow.tsx [Client Component Browser]
    ./src/app/book/BookingFlow.tsx [Server Component]
    ./src/app/book/page.tsx [Server Component]

  Client Component SSR:
    ./src/components/slot-picker.tsx [Client Component SSR]
    ./src/app/book/BookingFlow.tsx [Client Component SSR]
    ./src/app/book/BookingFlow.tsx [Server Component]
    ./src/app/book/page.tsx [Server Component] @ http://localhost:3000/_next/static/chunks/0484_next_dist_0_l-60x._.js:1052
[   22711ms] [LOG] [Fast Refresh] rebuilding @ http://localhost:3000/_next/static/chunks/0484_next_dist_0_l-60x._.js:776
[   22786ms] [ERROR] ./src/components/slot-picker.tsx:403:1
Error: Unexpected token. Did you mean `{'}'}` or `&rbrace;`?
  401 |     </div>
  402 |   );
> 403 | }
      | ^
  404 |

Parsing ecmascript source code failed

Import traces:
  Client Component Browser:
    ./src/components/slot-picker.tsx [Client Component Browser]
    ./src/app/book/BookingFlow.tsx [Client Component Browser]
    ./src/app/book/BookingFlow.tsx [Server Component]
    ./src/app/book/page.tsx [Server Component]

  Client Component SSR:
    ./src/components/slot-picker.tsx [Client Component SSR]
    ./src/app/book/BookingFlow.tsx [Client Component SSR]
    ./src/app/book/BookingFlow.tsx [Server Component]
    ./src/app/book/page.tsx [Server Component] @ http://localhost:3000/_next/static/chunks/0484_next_dist_0_l-60x._.js:1052
[   22862ms] [ERROR] ./src/components/slot-picker.tsx:403:1
Error: Unexpected token. Did you mean `{'}'}` or `&rbrace;`?
  401 |     </div>
  402 |   );
> 403 | }
      | ^
  404 |

Parsing ecmascript source code failed

Import traces:
  Client Component Browser:
    ./src/components/slot-picker.tsx [Client Component Browser]
    ./src/app/book/BookingFlow.tsx [Client Component Browser]
    ./src/app/book/BookingFlow.tsx [Server Component]
    ./src/app/book/page.tsx [Server Component]

  Client Component SSR:
    ./src/components/slot-picker.tsx [Client Component SSR]
    ./src/app/book/BookingFlow.tsx [Client Component SSR]
    ./src/app/book/BookingFlow.tsx [Server Component]
    ./src/app/book/page.tsx [Server Component] @ http://localhost:3000/_next/static/chunks/0484_next_dist_0_l-60x._.js:1052
[   22931ms] [ERROR] ./src/components/slot-picker.tsx:403:1
Error: Unexpected token. Did you mean `{'}'}` or `&rbrace;`?
  401 |     </div>
  402 |   );
> 403 | }
      | ^
  404 |

Parsing ecmascript source code failed

Import traces:
  Client Component Browser:
    ./src/components/slot-picker.tsx [Client Component Browser]
    ./src/app/book/BookingFlow.tsx [Client Component Browser]
    ./src/app/book/BookingFlow.tsx [Server Component]
    ./src/app/book/page.tsx [Server Component]

  Client Component SSR:
    ./src/components/slot-picker.tsx [Client Component SSR]
    ./src/app/book/BookingFlow.tsx [Client Component SSR]
    ./src/app/book/BookingFlow.tsx [Server Component]
    ./src/app/book/page.tsx [Server Component] @ http://localhost:3000/_next/static/chunks/0484_next_dist_0_l-60x._.js:1052
[   22999ms] [ERROR] ./src/components/slot-picker.tsx:403:1
Error: Unexpected token. Did you mean `{'}'}` or `&rbrace;`?
  401 |     </div>
  402 |   );
> 403 | }
      | ^
  404 |

Parsing ecmascript source code failed

Import traces:
  Client Component Browser:
    ./src/components/slot-picker.tsx [Client Component Browser]
    ./src/app/book/BookingFlow.tsx [Client Component Browser]
    ./src/app/book/BookingFlow.tsx [Server Component]
    ./src/app/book/page.tsx [Server Component]

  Client Component SSR:
    ./src/components/slot-picker.tsx [Client Component SSR]
    ./src/app/book/BookingFlow.tsx [Client Component SSR]
    ./src/app/book/BookingFlow.tsx [Server Component]
    ./src/app/book/page.tsx [Server Component] @ http://localhost:3000/_next/static/chunks/0484_next_dist_0_l-60x._.js:1052
[   23064ms] [ERROR] ./src/components/slot-picker.tsx:403:1
Error: Unexpected token. Did you mean `{'}'}` or `&rbrace;`?
  401 |     </div>
  402 |   );
> 403 | }
      | ^
  404 |

Parsing ecmascript source code failed

Import traces:
  Client Component Browser:
    ./src/components/slot-picker.tsx [Client Component Browser]
    ./src/app/book/BookingFlow.tsx [Client Component Browser]
    ./src/app/book/BookingFlow.tsx [Server Component]
    ./src/app/book/page.tsx [Server Component]

  Client Component SSR:
    ./src/components/slot-picker.tsx [Client Component SSR]
    ./src/app/book/BookingFlow.tsx [Client Component SSR]
    ./src/app/book/BookingFlow.tsx [Server Component]
    ./src/app/book/page.tsx [Server Component] @ http://localhost:3000/_next/static/chunks/0484_next_dist_0_l-60x._.js:1052
[   23130ms] [ERROR] ./src/components/slot-picker.tsx:403:1
Error: Unexpected token. Did you mean `{'}'}` or `&rbrace;`?
  401 |     </div>
  402 |   );
> 403 | }
      | ^
  404 |

Parsing ecmascript source code failed

Import traces:
  Client Component Browser:
    ./src/components/slot-picker.tsx [Client Component Browser]
    ./src/app/book/BookingFlow.tsx [Client Component Browser]
    ./src/app/book/BookingFlow.tsx [Server Component]
    ./src/app/book/page.tsx [Server Component]

  Client Component SSR:
    ./src/components/slot-picker.tsx [Client Component SSR]
    ./src/app/book/BookingFlow.tsx [Client Component SSR]
    ./src/app/book/BookingFlow.tsx [Server Component]
    ./src/app/book/page.tsx [Server Component] @ http://localhost:3000/_next/static/chunks/0484_next_dist_0_l-60x._.js:1052
[   23193ms] [ERROR] ./src/components/slot-picker.tsx:403:1
Error: Unexpected token. Did you mean `{'}'}` or `&rbrace;`?
  401 |     </div>
  402 |   );
> 403 | }
      | ^
  404 |

Parsing ecmascript source code failed

Import traces:
  Client Component Browser:
    ./src/components/slot-picker.tsx [Client Component Browser]
    ./src/app/book/BookingFlow.tsx [Client Component Browser]
    ./src/app/book/BookingFlow.tsx [Server Component]
    ./src/app/book/page.tsx [Server Component]

  Client Component SSR:
    ./src/components/slot-picker.tsx [Client Component SSR]
    ./src/app/book/BookingFlow.tsx [Client Component SSR]
    ./src/app/book/BookingFlow.tsx [Server Component]
    ./src/app/book/page.tsx [Server Component] @ http://localhost:3000/_next/static/chunks/0484_next_dist_0_l-60x._.js:1052
[   23255ms] [ERROR] ./src/components/slot-picker.tsx:403:1
Error: Unexpected token. Did you mean `{'}'}` or `&rbrace;`?
  401 |     </div>
  402 |   );
> 403 | }
      | ^
  404 |

Parsing ecmascript source code failed

Import traces:
  Client Component Browser:
    ./src/components/slot-picker.tsx [Client Component Browser]
    ./src/app/book/BookingFlow.tsx [Client Component Browser]
    ./src/app/book/BookingFlow.tsx [Server Component]
    ./src/app/book/page.tsx [Server Component]

  Client Component SSR:
    ./src/components/slot-picker.tsx [Client Component SSR]
    ./src/app/book/BookingFlow.tsx [Client Component SSR]
    ./src/app/book/BookingFlow.tsx [Server Component]
    ./src/app/book/page.tsx [Server Component] @ http://localhost:3000/_next/static/chunks/0484_next_dist_0_l-60x._.js:1052
[   23319ms] [ERROR] ./src/components/slot-picker.tsx:403:1
Error: Unexpected token. Did you mean `{'}'}` or `&rbrace;`?
  401 |     </div>
  402 |   );
> 403 | }
      | ^
  404 |

Parsing ecmascript source code failed

Import traces:
  Client Component Browser:
    ./src/components/slot-picker.tsx [Client Component Browser]
    ./src/app/book/BookingFlow.tsx [Client Component Browser]
    ./src/app/book/BookingFlow.tsx [Server Component]
    ./src/app/book/page.tsx [Server Component]

  Client Component SSR:
    ./src/components/slot-picker.tsx [Client Component SSR]
    ./src/app/book/BookingFlow.tsx [Client Component SSR]
    ./src/app/book/BookingFlow.tsx [Server Component]
    ./src/app/book/page.tsx [Server Component] @ http://localhost:3000/_next/static/chunks/0484_next_dist_0_l-60x._.js:1052
[   23379ms] [ERROR] ./src/components/slot-picker.tsx:403:1
Error: Unexpected token. Did you mean `{'}'}` or `&rbrace;`?
  401 |     </div>
  402 |   );
> 403 | }
      | ^
  404 |

Parsing ecmascript source code failed

Import traces:
  Client Component Browser:
    ./src/components/slot-picker.tsx [Client Component Browser]
    ./src/app/book/BookingFlow.tsx [Client Component Browser]
    ./src/app/book/BookingFlow.tsx [Server Component]
    ./src/app/book/page.tsx [Server Component]

  Client Component SSR:
    ./src/components/slot-picker.tsx [Client Component SSR]
    ./src/app/book/BookingFlow.tsx [Client Component SSR]
    ./src/app/book/BookingFlow.tsx [Server Component]
    ./src/app/book/page.tsx [Server Component] @ http://localhost:3000/_next/static/chunks/0484_next_dist_0_l-60x._.js:1052
[   23442ms] [ERROR] ./src/components/slot-picker.tsx:403:1
Error: Unexpected token. Did you mean `{'}'}` or `&rbrace;`?
  401 |     </div>
  402 |   );
> 403 | }
      | ^
  404 |

Parsing ecmascript source code failed

Import traces:
  Client Component Browser:
    ./src/components/slot-picker.tsx [Client Component Browser]
    ./src/app/book/BookingFlow.tsx [Client Component Browser]
    ./src/app/book/BookingFlow.tsx [Server Component]
    ./src/app/book/page.tsx [Server Component]

  Client Component SSR:
    ./src/components/slot-picker.tsx [Client Component SSR]
    ./src/app/book/BookingFlow.tsx [Client Component SSR]
    ./src/app/book/BookingFlow.tsx [Server Component]
    ./src/app/book/page.tsx [Server Component] @ http://localhost:3000/_next/static/chunks/0484_next_dist_0_l-60x._.js:1052
[   23511ms] [ERROR] ./src/components/slot-picker.tsx:403:1
Error: Unexpected token. Did you mean `{'}'}` or `&rbrace;`?
  401 |     </div>
  402 |   );
> 403 | }
      | ^
  404 |

Parsing ecmascript source code failed

Import traces:
  Client Component Browser:
    ./src/components/slot-picker.tsx [Client Component Browser]
    ./src/app/book/BookingFlow.tsx [Client Component Browser]
    ./src/app/book/BookingFlow.tsx [Server Component]
    ./src/app/book/page.tsx [Server Component]

  Client Component SSR:
    ./src/components/slot-picker.tsx [Client Component SSR]
    ./src/app/book/BookingFlow.tsx [Client Component SSR]
    ./src/app/book/BookingFlow.tsx [Server Component]
    ./src/app/book/page.tsx [Server Component] @ http://localhost:3000/_next/static/chunks/0484_next_dist_0_l-60x._.js:1052
[   23583ms] [ERROR] ./src/components/slot-picker.tsx:403:1
Error: Unexpected token. Did you mean `{'}'}` or `&rbrace;`?
  401 |     </div>
  402 |   );
> 403 | }
      | ^
  404 |

Parsing ecmascript source code failed

Import traces:
  Client Component Browser:
    ./src/components/slot-picker.tsx [Client Component Browser]
    ./src/app/book/BookingFlow.tsx [Client Component Browser]
    ./src/app/book/BookingFlow.tsx [Server Component]
    ./src/app/book/page.tsx [Server Component]

  Client Component SSR:
    ./src/components/slot-picker.tsx [Client Component SSR]
    ./src/app/book/BookingFlow.tsx [Client Component SSR]
    ./src/app/book/BookingFlow.tsx [Server Component]
    ./src/app/book/page.tsx [Server Component] @ http://localhost:3000/_next/static/chunks/0484_next_dist_0_l-60x._.js:1052
[   23655ms] [ERROR] ./src/components/slot-picker.tsx:403:1
Error: Unexpected token. Did you mean `{'}'}` or `&rbrace;`?
  401 |     </div>
  402 |   );
> 403 | }
      | ^
  404 |

Parsing ecmascript source code failed

Import traces:
  Client Component Browser:
    ./src/components/slot-picker.tsx [Client Component Browser]
    ./src/app/book/BookingFlow.tsx [Client Component Browser]
    ./src/app/book/BookingFlow.tsx [Server Component]
    ./src/app/book/page.tsx [Server Component]

  Client Component SSR:
    ./src/components/slot-picker.tsx [Client Component SSR]
    ./src/app/book/BookingFlow.tsx [Client Component SSR]
    ./src/app/book/BookingFlow.tsx [Server Component]
    ./src/app/book/page.tsx [Server Component] @ http://localhost:3000/_next/static/chunks/0484_next_dist_0_l-60x._.js:1052
[   23735ms] [ERROR] ./src/components/slot-picker.tsx:403:1
Error: Unexpected token. Did you mean `{'}'}` or `&rbrace;`?
  401 |     </div>
  402 |   );
> 403 | }
      | ^
  404 |

Parsing ecmascript source code failed

Import traces:
  Client Component Browser:
    ./src/components/slot-picker.tsx [Client Component Browser]
    ./src/app/book/BookingFlow.tsx [Client Component Browser]
    ./src/app/book/BookingFlow.tsx [Server Component]
    ./src/app/book/page.tsx [Server Component]

  Client Component SSR:
    ./src/components/slot-picker.tsx [Client Component SSR]
    ./src/app/book/BookingFlow.tsx [Client Component SSR]
    ./src/app/book/BookingFlow.tsx [Server Component]
    ./src/app/book/page.tsx [Server Component] @ http://localhost:3000/_next/static/chunks/0484_next_dist_0_l-60x._.js:1052
[   23805ms] [ERROR] ./src/components/slot-picker.tsx:403:1
Error: Unexpected token. Did you mean `{'}'}` or `&rbrace;`?
  401 |     </div>
  402 |   );
> 403 | }
      | ^
  404 |

Parsing ecmascript source code failed

Import traces:
  Client Component Browser:
    ./src/components/slot-picker.tsx [Client Component Browser]
    ./src/app/book/BookingFlow.tsx [Client Component Browser]
    ./src/app/book/BookingFlow.tsx [Server Component]
    ./src/app/book/page.tsx [Server Component]

  Client Component SSR:
    ./src/components/slot-picker.tsx [Client Component SSR]
    ./src/app/book/BookingFlow.tsx [Client Component SSR]
    ./src/app/book/BookingFlow.tsx [Server Component]
    ./src/app/book/page.tsx [Server Component] @ http://localhost:3000/_next/static/chunks/0484_next_dist_0_l-60x._.js:1052
[   23862ms] [ERROR] ./src/components/slot-picker.tsx:403:1
Error: Unexpected token. Did you mean `{'}'}` or `&rbrace;`?
  401 |     </div>
  402 |   );
> 403 | }
      | ^
  404 |

Parsing ecmascript source code failed

Import traces:
  Client Component Browser:
    ./src/components/slot-picker.tsx [Client Component Browser]
    ./src/app/book/BookingFlow.tsx [Client Component Browser]
    ./src/app/book/BookingFlow.tsx [Server Component]
    ./src/app/book/page.tsx [Server Component]

  Client Component SSR:
    ./src/components/slot-picker.tsx [Client Component SSR]
    ./src/app/book/BookingFlow.tsx [Client Component SSR]
    ./src/app/book/BookingFlow.tsx [Server Component]
    ./src/app/book/page.tsx [Server Component] @ http://localhost:3000/_next/static/chunks/0484_next_dist_0_l-60x._.js:1052
[   23936ms] [ERROR] ./src/components/slot-picker.tsx:403:1
Error: Unexpected token. Did you mean `{'}'}` or `&rbrace;`?
  401 |     </div>
  402 |   );
> 403 | }
      | ^
  404 |

Parsing ecmascript source code failed

Import traces:
  Client Component Browser:
    ./src/components/slot-picker.tsx [Client Component Browser]
    ./src/app/book/BookingFlow.tsx [Client Component Browser]
    ./src/app/book/BookingFlow.tsx [Server Component]
    ./src/app/book/page.tsx [Server Component]

  Client Component SSR:
    ./src/components/slot-picker.tsx [Client Component SSR]
    ./src/app/book/BookingFlow.tsx [Client Component SSR]
    ./src/app/book/BookingFlow.tsx [Server Component]
    ./src/app/book/page.tsx [Server Component] @ http://localhost:3000/_next/static/chunks/0484_next_dist_0_l-60x._.js:1052
[   23996ms] [ERROR] ./src/components/slot-picker.tsx:403:1
Error: Unexpected token. Did you mean `{'}'}` or `&rbrace;`?
  401 |     </div>
  402 |   );
> 403 | }
      | ^
  404 |

Parsing ecmascript source code failed

Import traces:
  Client Component Browser:
    ./src/components/slot-picker.tsx [Client Component Browser]
    ./src/app/book/BookingFlow.tsx [Client Component Browser]
    ./src/app/book/BookingFlow.tsx [Server Component]
    ./src/app/book/page.tsx [Server Component]

  Client Component SSR:
    ./src/components/slot-picker.tsx [Client Component SSR]
    ./src/app/book/BookingFlow.tsx [Client Component SSR]
    ./src/app/book/BookingFlow.tsx [Server Component]
    ./src/app/book/page.tsx [Server Component] @ http://localhost:3000/_next/static/chunks/0484_next_dist_0_l-60x._.js:1052
[   24062ms] [ERROR] ./src/components/slot-picker.tsx:403:1
Error: Unexpected token. Did you mean `{'}'}` or `&rbrace;`?
  401 |     </div>
  402 |   );
> 403 | }
      | ^
  404 |

Parsing ecmascript source code failed

Import traces:
  Client Component Browser:
    ./src/components/slot-picker.tsx [Client Component Browser]
    ./src/app/book/BookingFlow.tsx [Client Component Browser]
    ./src/app/book/BookingFlow.tsx [Server Component]
    ./src/app/book/page.tsx [Server Component]

  Client Component SSR:
    ./src/components/slot-picker.tsx [Client Component SSR]
    ./src/app/book/BookingFlow.tsx [Client Component SSR]
    ./src/app/book/BookingFlow.tsx [Server Component]
    ./src/app/book/page.tsx [Server Component] @ http://localhost:3000/_next/static/chunks/0484_next_dist_0_l-60x._.js:1052
[   24128ms] [ERROR] ./src/components/slot-picker.tsx:403:1
Error: Unexpected token. Did you mean `{'}'}` or `&rbrace;`?
  401 |     </div>
  402 |   );
> 403 | }
      | ^
  404 |

Parsing ecmascript source code failed

Import traces:
  Client Component Browser:
    ./src/components/slot-picker.tsx [Client Component Browser]
    ./src/app/book/BookingFlow.tsx [Client Component Browser]
    ./src/app/book/BookingFlow.tsx [Server Component]
    ./src/app/book/page.tsx [Server Component]

  Client Component SSR:
    ./src/components/slot-picker.tsx [Client Component SSR]
    ./src/app/book/BookingFlow.tsx [Client Component SSR]
    ./src/app/book/BookingFlow.tsx [Server Component]
    ./src/app/book/page.tsx [Server Component] @ http://localhost:3000/_next/static/chunks/0484_next_dist_0_l-60x._.js:1052
[   24196ms] [ERROR] ./src/components/slot-picker.tsx:403:1
Error: Unexpected token. Did you mean `{'}'}` or `&rbrace;`?
  401 |     </div>
  402 |   );
> 403 | }
      | ^
  404 |

Parsing ecmascript source code failed

Import traces:
  Client Component Browser:
    ./src/components/slot-picker.tsx [Client Component Browser]
    ./src/app/book/BookingFlow.tsx [Client Component Browser]
    ./src/app/book/BookingFlow.tsx [Server Component]
    ./src/app/book/page.tsx [Server Component]

  Client Component SSR:
    ./src/components/slot-picker.tsx [Client Component SSR]
    ./src/app/book/BookingFlow.tsx [Client Component SSR]
    ./src/app/book/BookingFlow.tsx [Server Component]
    ./src/app/book/page.tsx [Server Component] @ http://localhost:3000/_next/static/chunks/0484_next_dist_0_l-60x._.js:1052
[   24264ms] [ERROR] ./src/components/slot-picker.tsx:403:1
Error: Unexpected token. Did you mean `{'}'}` or `&rbrace;`?
  401 |     </div>
  402 |   );
> 403 | }
      | ^
  404 |

Parsing ecmascript source code failed

Import traces:
  Client Component Browser:
    ./src/components/slot-picker.tsx [Client Component Browser]
    ./src/app/book/BookingFlow.tsx [Client Component Browser]
    ./src/app/book/BookingFlow.tsx [Server Component]
    ./src/app/book/page.tsx [Server Component]

  Client Component SSR:
    ./src/components/slot-picker.tsx [Client Component SSR]
    ./src/app/book/BookingFlow.tsx [Client Component SSR]
    ./src/app/book/BookingFlow.tsx [Server Component]
    ./src/app/book/page.tsx [Server Component] @ http://localhost:3000/_next/static/chunks/0484_next_dist_0_l-60x._.js:1052
[   24331ms] [ERROR] ./src/components/slot-picker.tsx:403:1
Error: Unexpected token. Did you mean `{'}'}` or `&rbrace;`?
  401 |     </div>
  402 |   );
> 403 | }
      | ^
  404 |

Parsing ecmascript source code failed

Import traces:
  Client Component Browser:
    ./src/components/slot-picker.tsx [Client Component Browser]
    ./src/app/book/BookingFlow.tsx [Client Component Browser]
    ./src/app/book/BookingFlow.tsx [Server Component]
    ./src/app/book/page.tsx [Server Component]

  Client Component SSR:
    ./src/components/slot-picker.tsx [Client Component SSR]
    ./src/app/book/BookingFlow.tsx [Client Component SSR]
    ./src/app/book/BookingFlow.tsx [Server Component]
    ./src/app/book/page.tsx [Server Component] @ http://localhost:3000/_next/static/chunks/0484_next_dist_0_l-60x._.js:1052
[   24402ms] [ERROR] ./src/components/slot-picker.tsx:403:1
Error: Unexpected token. Did you mean `{'}'}` or `&rbrace;`?
  401 |     </div>
  402 |   );
> 403 | }
      | ^
  404 |

Parsing ecmascript source code failed

Import traces:
  Client Component Browser:
    ./src/components/slot-picker.tsx [Client Component Browser]
    ./src/app/book/BookingFlow.tsx [Client Component Browser]
    ./src/app/book/BookingFlow.tsx [Server Component]
    ./src/app/book/page.tsx [Server Component]

  Client Component SSR:
    ./src/components/slot-picker.tsx [Client Component SSR]
    ./src/app/book/BookingFlow.tsx [Client Component SSR]
    ./src/app/book/BookingFlow.tsx [Server Component]
    ./src/app/book/page.tsx [Server Component] @ http://localhost:3000/_next/static/chunks/0484_next_dist_0_l-60x._.js:1052
[   24465ms] [ERROR] ./src/components/slot-picker.tsx:403:1
Error: Unexpected token. Did you mean `{'}'}` or `&rbrace;`?
  401 |     </div>
  402 |   );
> 403 | }
      | ^
  404 |

Parsing ecmascript source code failed

Import traces:
  Client Component Browser:
    ./src/components/slot-picker.tsx [Client Component Browser]
    ./src/app/book/BookingFlow.tsx [Client Component Browser]
    ./src/app/book/BookingFlow.tsx [Server Component]
    ./src/app/book/page.tsx [Server Component]

  Client Component SSR:
    ./src/components/slot-picker.tsx [Client Component SSR]
    ./src/app/book/BookingFlow.tsx [Client Component SSR]
    ./src/app/book/BookingFlow.tsx [Server Component]
    ./src/app/book/page.tsx [Server Component] @ http://localhost:3000/_next/static/chunks/0484_next_dist_0_l-60x._.js:1052
[   24533ms] [ERROR] ./src/components/slot-picker.tsx:403:1
Error: Unexpected token. Did you mean `{'}'}` or `&rbrace;`?
  401 |     </div>
  402 |   );
> 403 | }
      | ^
  404 |

Parsing ecmascript source code failed

Import traces:
  Client Component Browser:
    ./src/components/slot-picker.tsx [Client Component Browser]
    ./src/app/book/BookingFlow.tsx [Client Component Browser]
    ./src/app/book/BookingFlow.tsx [Server Component]
    ./src/app/book/page.tsx [Server Component]

  Client Component SSR:
    ./src/components/slot-picker.tsx [Client Component SSR]
    ./src/app/book/BookingFlow.tsx [Client Component SSR]
    ./src/app/book/BookingFlow.tsx [Server Component]
    ./src/app/book/page.tsx [Server Component] @ http://localhost:3000/_next/static/chunks/0484_next_dist_0_l-60x._.js:1052
[   24607ms] [ERROR] ./src/components/slot-picker.tsx:403:1
Error: Unexpected token. Did you mean `{'}'}` or `&rbrace;`?
  401 |     </div>
  402 |   );
> 403 | }
      | ^
  404 |

Parsing ecmascript source code failed

Import traces:
  Client Component Browser:
    ./src/components/slot-picker.tsx [Client Component Browser]
    ./src/app/book/BookingFlow.tsx [Client Component Browser]
    ./src/app/book/BookingFlow.tsx [Server Component]
    ./src/app/book/page.tsx [Server Component]

  Client Component SSR:
    ./src/components/slot-picker.tsx [Client Component SSR]
    ./src/app/book/BookingFlow.tsx [Client Component SSR]
    ./src/app/book/BookingFlow.tsx [Server Component]
    ./src/app/book/page.tsx [Server Component] @ http://localhost:3000/_next/static/chunks/0484_next_dist_0_l-60x._.js:1052
[   24695ms] [ERROR] ./src/components/slot-picker.tsx:403:1
Error: Unexpected token. Did you mean `{'}'}` or `&rbrace;`?
  401 |     </div>
  402 |   );
> 403 | }
      | ^
  404 |

Parsing ecmascript source code failed

Import traces:
  Client Component Browser:
    ./src/components/slot-picker.tsx [Client Component Browser]
    ./src/app/book/BookingFlow.tsx [Client Component Browser]
    ./src/app/book/BookingFlow.tsx [Server Component]
    ./src/app/book/page.tsx [Server Component]

  Client Component SSR:
    ./src/components/slot-picker.tsx [Client Component SSR]
    ./src/app/book/BookingFlow.tsx [Client Component SSR]
    ./src/app/book/BookingFlow.tsx [Server Component]
    ./src/app/book/page.tsx [Server Component] @ http://localhost:3000/_next/static/chunks/0484_next_dist_0_l-60x._.js:1052
[   24778ms] [ERROR] ./src/components/slot-picker.tsx:403:1
Error: Unexpected token. Did you mean `{'}'}` or `&rbrace;`?
  401 |     </div>
  402 |   );
> 403 | }
      | ^
  404 |

Parsing ecmascript source code failed

Import traces:
  Client Component Browser:
    ./src/components/slot-picker.tsx [Client Component Browser]
    ./src/app/book/BookingFlow.tsx [Client Component Browser]
    ./src/app/book/BookingFlow.tsx [Server Component]
    ./src/app/book/page.tsx [Server Component]

  Client Component SSR:
    ./src/components/slot-picker.tsx [Client Component SSR]
    ./src/app/book/BookingFlow.tsx [Client Component SSR]
    ./src/app/book/BookingFlow.tsx [Server Component]
    ./src/app/book/page.tsx [Server Component] @ http://localhost:3000/_next/static/chunks/0484_next_dist_0_l-60x._.js:1052
[   24868ms] [ERROR] ./src/components/slot-picker.tsx:403:1
Error: Unexpected token. Did you mean `{'}'}` or `&rbrace;`?
  401 |     </div>
  402 |   );
> 403 | }
      | ^
  404 |

Parsing ecmascript source code failed

Import traces:
  Client Component Browser:
    ./src/components/slot-picker.tsx [Client Component Browser]
    ./src/app/book/BookingFlow.tsx [Client Component Browser]
    ./src/app/book/BookingFlow.tsx [Server Component]
    ./src/app/book/page.tsx [Server Component]

  Client Component SSR:
    ./src/components/slot-picker.tsx [Client Component SSR]
    ./src/app/book/BookingFlow.tsx [Client Component SSR]
    ./src/app/book/BookingFlow.tsx [Server Component]
    ./src/app/book/page.tsx [Server Component] @ http://localhost:3000/_next/static/chunks/0484_next_dist_0_l-60x._.js:1052
[   24963ms] [ERROR] ./src/components/slot-picker.tsx:403:1
Error: Unexpected token. Did you mean `{'}'}` or `&rbrace;`?
  401 |     </div>
  402 |   );
> 403 | }
      | ^
  404 |

Parsing ecmascript source code failed

Import traces:
  Client Component Browser:
    ./src/components/slot-picker.tsx [Client Component Browser]
    ./src/app/book/BookingFlow.tsx [Client Component Browser]
    ./src/app/book/BookingFlow.tsx [Server Component]
    ./src/app/book/page.tsx [Server Component]

  Client Component SSR:
    ./src/components/slot-picker.tsx [Client Component SSR]
    ./src/app/book/BookingFlow.tsx [Client Component SSR]
    ./src/app/book/BookingFlow.tsx [Server Component]
    ./src/app/book/page.tsx [Server Component] @ http://localhost:3000/_next/static/chunks/0484_next_dist_0_l-60x._.js:1052
[   25066ms] [LOG] [Fast Refresh] rebuilding @ http://localhost:3000/_next/static/chunks/0484_next_dist_0_l-60x._.js:776
[   25257ms] [LOG] [Fast Refresh] done in 93ms @ http://localhost:3000/_next/static/chunks/0484_next_dist_0_l-60x._.js:776
[   25267ms] [LOG] [Fast Refresh] done in 93ms @ http://localhost:3000/_next/static/chunks/0484_next_dist_0_l-60x._.js:776
[   25371ms] [LOG] [Fast Refresh] done in 93ms @ http://localhost:3000/_next/static/chunks/0484_next_dist_0_l-60x._.js:776
[   25371ms] [LOG] [Fast Refresh] done in 93ms @ http://localhost:3000/_next/static/chunks/0484_next_dist_0_l-60x._.js:776
[   25484ms] [LOG] [Fast Refresh] done in 93ms @ http://localhost:3000/_next/static/chunks/0484_next_dist_0_l-60x._.js:776
[   25581ms] [LOG] [Fast Refresh] done in 93ms @ http://localhost:3000/_next/static/chunks/0484_next_dist_0_l-60x._.js:776
[   25600ms] [LOG] [Fast Refresh] done in 93ms @ http://localhost:3000/_next/static/chunks/0484_next_dist_0_l-60x._.js:776
[   25723ms] [LOG] [Fast Refresh] done in 93ms @ http://localhost:3000/_next/static/chunks/0484_next_dist_0_l-60x._.js:776
[   25825ms] [LOG] [Fast Refresh] done in 93ms @ http://localhost:3000/_next/static/chunks/0484_next_dist_0_l-60x._.js:776
[   25948ms] [LOG] [Fast Refresh] done in 93ms @ http://localhost:3000/_next/static/chunks/0484_next_dist_0_l-60x._.js:776
[   26041ms] [LOG] [Fast Refresh] done in 93ms @ http://localhost:3000/_next/static/chunks/0484_next_dist_0_l-60x._.js:776
[   26127ms] [LOG] [Fast Refresh] done in 93ms @ http://localhost:3000/_next/static/chunks/0484_next_dist_0_l-60x._.js:776
[   26192ms] [LOG] [Fast Refresh] done in 93ms @ http://localhost:3000/_next/static/chunks/0484_next_dist_0_l-60x._.js:776
[   46754ms] [LOG] [Fast Refresh] rebuilding @ http://localhost:3000/_next/static/chunks/0484_next_dist_0_l-60x._.js:776
[   46873ms] [LOG] [Fast Refresh] done in 42ms @ http://localhost:3000/_next/static/chunks/0484_next_dist_0_l-60x._.js:776
[   46879ms] [LOG] [Fast Refresh] done in 42ms @ http://localhost:3000/_next/static/chunks/0484_next_dist_0_l-60x._.js:776
[   46978ms] [LOG] [Fast Refresh] done in 42ms @ http://localhost:3000/_next/static/chunks/0484_next_dist_0_l-60x._.js:776
[   47139ms] [LOG] [Fast Refresh] done in 42ms @ http://localhost:3000/_next/static/chunks/0484_next_dist_0_l-60x._.js:776
[   47140ms] [LOG] [Fast Refresh] done in 42ms @ http://localhost:3000/_next/static/chunks/0484_next_dist_0_l-60x._.js:776
[   47248ms] [LOG] [Fast Refresh] done in 42ms @ http://localhost:3000/_next/static/chunks/0484_next_dist_0_l-60x._.js:776
[   47291ms] [LOG] [Fast Refresh] done in 42ms @ http://localhost:3000/_next/static/chunks/0484_next_dist_0_l-60x._.js:776
[   47373ms] [LOG] [Fast Refresh] done in 42ms @ http://localhost:3000/_next/static/chunks/0484_next_dist_0_l-60x._.js:776
[   47374ms] [LOG] [Fast Refresh] done in 42ms @ http://localhost:3000/_next/static/chunks/0484_next_dist_0_l-60x._.js:776
[   47375ms] [LOG] [Fast Refresh] done in 42ms @ http://localhost:3000/_next/static/chunks/0484_next_dist_0_l-60x._.js:776
[   47464ms] [LOG] [Fast Refresh] done in 42ms @ http://localhost:3000/_next/static/chunks/0484_next_dist_0_l-60x._.js:776
[   47558ms] [LOG] [Fast Refresh] done in 42ms @ http://localhost:3000/_next/static/chunks/0484_next_dist_0_l-60x._.js:776
[   47675ms] [LOG] [Fast Refresh] done in 42ms @ http://localhost:3000/_next/static/chunks/0484_next_dist_0_l-60x._.js:776
[   47761ms] [LOG] [Fast Refresh] done in 42ms @ http://localhost:3000/_next/static/chunks/0484_next_dist_0_l-60x._.js:776
[   47840ms] [LOG] [Fast Refresh] done in 42ms @ http://localhost:3000/_next/static/chunks/0484_next_dist_0_l-60x._.js:776
[   47914ms] [LOG] [Fast Refresh] done in 42ms @ http://localhost:3000/_next/static/chunks/0484_next_dist_0_l-60x._.js:776
[   47994ms] [LOG] [Fast Refresh] done in 42ms @ http://localhost:3000/_next/static/chunks/0484_next_dist_0_l-60x._.js:776
[   48122ms] [LOG] [Fast Refresh] done in 42ms @ http://localhost:3000/_next/static/chunks/0484_next_dist_0_l-60x._.js:776
[   48195ms] [LOG] [Fast Refresh] done in 42ms @ http://localhost:3000/_next/static/chunks/0484_next_dist_0_l-60x._.js:776
[   48266ms] [LOG] [Fast Refresh] done in 42ms @ http://localhost:3000/_next/static/chunks/0484_next_dist_0_l-60x._.js:776
[   48380ms] [LOG] [Fast Refresh] done in 42ms @ http://localhost:3000/_next/static/chunks/0484_next_dist_0_l-60x._.js:776
[   48453ms] [LOG] [Fast Refresh] done in 42ms @ http://localhost:3000/_next/static/chunks/0484_next_dist_0_l-60x._.js:776
[   48517ms] [LOG] [Fast Refresh] done in 42ms @ http://localhost:3000/_next/static/chunks/0484_next_dist_0_l-60x._.js:776
[   48582ms] [LOG] [Fast Refresh] done in 42ms @ http://localhost:3000/_next/static/chunks/0484_next_dist_0_l-60x._.js:776
[   48646ms] [LOG] [Fast Refresh] done in 42ms @ http://localhost:3000/_next/static/chunks/0484_next_dist_0_l-60x._.js:776
[   48711ms] [LOG] [Fast Refresh] done in 42ms @ http://localhost:3000/_next/static/chunks/0484_next_dist_0_l-60x._.js:776
[   48774ms] [LOG] [Fast Refresh] done in 42ms @ http://localhost:3000/_next/static/chunks/0484_next_dist_0_l-60x._.js:776
[   48836ms] [LOG] [Fast Refresh] done in 42ms @ http://localhost:3000/_next/static/chunks/0484_next_dist_0_l-60x._.js:776
[   48985ms] [LOG] [Fast Refresh] done in 42ms @ http://localhost:3000/_next/static/chunks/0484_next_dist_0_l-60x._.js:776
[   49059ms] [LOG] [Fast Refresh] done in 42ms @ http://localhost:3000/_next/static/chunks/0484_next_dist_0_l-60x._.js:776
[   49123ms] [LOG] [Fast Refresh] done in 42ms @ http://localhost:3000/_next/static/chunks/0484_next_dist_0_l-60x._.js:776
[   49183ms] [LOG] [Fast Refresh] done in 42ms @ http://localhost:3000/_next/static/chunks/0484_next_dist_0_l-60x._.js:776
[   49240ms] [LOG] [Fast Refresh] done in 42ms @ http://localhost:3000/_next/static/chunks/0484_next_dist_0_l-60x._.js:776
[   49303ms] [LOG] [Fast Refresh] done in 42ms @ http://localhost:3000/_next/static/chunks/0484_next_dist_0_l-60x._.js:776
[   49363ms] [LOG] [Fast Refresh] done in 42ms @ http://localhost:3000/_next/static/chunks/0484_next_dist_0_l-60x._.js:776
[   49424ms] [LOG] [Fast Refresh] done in 42ms @ http://localhost:3000/_next/static/chunks/0484_next_dist_0_l-60x._.js:776
[   49480ms] [LOG] [Fast Refresh] done in 42ms @ http://localhost:3000/_next/static/chunks/0484_next_dist_0_l-60x._.js:776
[   49547ms] [LOG] [Fast Refresh] done in 42ms @ http://localhost:3000/_next/static/chunks/0484_next_dist_0_l-60x._.js:776
[   49612ms] [LOG] [Fast Refresh] done in 42ms @ http://localhost:3000/_next/static/chunks/0484_next_dist_0_l-60x._.js:776
[   49676ms] [LOG] [Fast Refresh] done in 42ms @ http://localhost:3000/_next/static/chunks/0484_next_dist_0_l-60x._.js:776
[   49743ms] [LOG] [Fast Refresh] done in 42ms @ http://localhost:3000/_next/static/chunks/0484_next_dist_0_l-60x._.js:776
[   49803ms] [LOG] [Fast Refresh] done in 42ms @ http://localhost:3000/_next/static/chunks/0484_next_dist_0_l-60x._.js:776
[   49859ms] [LOG] [Fast Refresh] done in 42ms @ http://localhost:3000/_next/static/chunks/0484_next_dist_0_l-60x._.js:776
[   49920ms] [LOG] [Fast Refresh] done in 42ms @ http://localhost:3000/_next/static/chunks/0484_next_dist_0_l-60x._.js:776
[   49981ms] [LOG] [Fast Refresh] done in 42ms @ http://localhost:3000/_next/static/chunks/0484_next_dist_0_l-60x._.js:776
[   50040ms] [LOG] [Fast Refresh] done in 42ms @ http://localhost:3000/_next/static/chunks/0484_next_dist_0_l-60x._.js:776
[   50100ms] [LOG] [Fast Refresh] done in 42ms @ http://localhost:3000/_next/static/chunks/0484_next_dist_0_l-60x._.js:776
[   50156ms] [LOG] [Fast Refresh] done in 42ms @ http://localhost:3000/_next/static/chunks/0484_next_dist_0_l-60x._.js:776
[   50215ms] [LOG] [Fast Refresh] done in 42ms @ http://localhost:3000/_next/static/chunks/0484_next_dist_0_l-60x._.js:776
[   50277ms] [LOG] [Fast Refresh] done in 42ms @ http://localhost:3000/_next/static/chunks/0484_next_dist_0_l-60x._.js:776
[   50336ms] [LOG] [Fast Refresh] done in 42ms @ http://localhost:3000/_next/static/chunks/0484_next_dist_0_l-60x._.js:776
[   50394ms] [LOG] [Fast Refresh] done in 42ms @ http://localhost:3000/_next/static/chunks/0484_next_dist_0_l-60x._.js:776
[   50451ms] [LOG] [Fast Refresh] done in 42ms @ http://localhost:3000/_next/static/chunks/0484_next_dist_0_l-60x._.js:776
[   50507ms] [LOG] [Fast Refresh] done in 42ms @ http://localhost:3000/_next/static/chunks/0484_next_dist_0_l-60x._.js:776
[   50572ms] [LOG] [Fast Refresh] done in 42ms @ http://localhost:3000/_next/static/chunks/0484_next_dist_0_l-60x._.js:776
[   50629ms] [LOG] [Fast Refresh] done in 42ms @ http://localhost:3000/_next/static/chunks/0484_next_dist_0_l-60x._.js:776
[   50689ms] [LOG] [Fast Refresh] done in 42ms @ http://localhost:3000/_next/static/chunks/0484_next_dist_0_l-60x._.js:776
[   50750ms] [LOG] [Fast Refresh] done in 42ms @ http://localhost:3000/_next/static/chunks/0484_next_dist_0_l-60x._.js:776
[   50805ms] [LOG] [Fast Refresh] done in 42ms @ http://localhost:3000/_next/static/chunks/0484_next_dist_0_l-60x._.js:776
[   50858ms] [LOG] [Fast Refresh] done in 42ms @ http://localhost:3000/_next/static/chunks/0484_next_dist_0_l-60x._.js:776
[   50929ms] [LOG] [Fast Refresh] done in 42ms @ http://localhost:3000/_next/static/chunks/0484_next_dist_0_l-60x._.js:776
[   50990ms] [LOG] [Fast Refresh] done in 42ms @ http://localhost:3000/_next/static/chunks/0484_next_dist_0_l-60x._.js:776
[   51049ms] [LOG] [Fast Refresh] done in 42ms @ http://localhost:3000/_next/static/chunks/0484_next_dist_0_l-60x._.js:776
[   51112ms] [LOG] [Fast Refresh] done in 42ms @ http://localhost:3000/_next/static/chunks/0484_next_dist_0_l-60x._.js:776
[   51170ms] [LOG] [Fast Refresh] done in 42ms @ http://localhost:3000/_next/static/chunks/0484_next_dist_0_l-60x._.js:776
[   51220ms] [LOG] [Fast Refresh] done in 42ms @ http://localhost:3000/_next/static/chunks/0484_next_dist_0_l-60x._.js:776
[   51280ms] [LOG] [Fast Refresh] done in 42ms @ http://localhost:3000/_next/static/chunks/0484_next_dist_0_l-60x._.js:776
[   51336ms] [LOG] [Fast Refresh] done in 42ms @ http://localhost:3000/_next/static/chunks/0484_next_dist_0_l-60x._.js:776
[   51397ms] [LOG] [Fast Refresh] done in 42ms @ http://localhost:3000/_next/static/chunks/0484_next_dist_0_l-60x._.js:776
[   51458ms] [LOG] [Fast Refresh] done in 42ms @ http://localhost:3000/_next/static/chunks/0484_next_dist_0_l-60x._.js:776
[   51518ms] [LOG] [Fast Refresh] done in 42ms @ http://localhost:3000/_next/static/chunks/0484_next_dist_0_l-60x._.js:776
[   51579ms] [LOG] [Fast Refresh] done in 42ms @ http://localhost:3000/_next/static/chunks/0484_next_dist_0_l-60x._.js:776
[   51638ms] [LOG] [Fast Refresh] done in 42ms @ http://localhost:3000/_next/static/chunks/0484_next_dist_0_l-60x._.js:776
[   51698ms] [LOG] [Fast Refresh] done in 42ms @ http://localhost:3000/_next/static/chunks/0484_next_dist_0_l-60x._.js:776
[   51759ms] [LOG] [Fast Refresh] done in 42ms @ http://localhost:3000/_next/static/chunks/0484_next_dist_0_l-60x._.js:776
[   51817ms] [LOG] [Fast Refresh] done in 42ms @ http://localhost:3000/_next/static/chunks/0484_next_dist_0_l-60x._.js:776
[   51883ms] [LOG] [Fast Refresh] done in 42ms @ http://localhost:3000/_next/static/chunks/0484_next_dist_0_l-60x._.js:776
[   51949ms] [LOG] [Fast Refresh] done in 42ms @ http://localhost:3000/_next/static/chunks/0484_next_dist_0_l-60x._.js:776
[   52013ms] [LOG] [Fast Refresh] done in 42ms @ http://localhost:3000/_next/static/chunks/0484_next_dist_0_l-60x._.js:776
[   52078ms] [LOG] [Fast Refresh] done in 42ms @ http://localhost:3000/_next/static/chunks/0484_next_dist_0_l-60x._.js:776
[   52139ms] [LOG] [Fast Refresh] done in 42ms @ http://localhost:3000/_next/static/chunks/0484_next_dist_0_l-60x._.js:776
[   52201ms] [LOG] [Fast Refresh] done in 42ms @ http://localhost:3000/_next/static/chunks/0484_next_dist_0_l-60x._.js:776
[   52267ms] [LOG] [Fast Refresh] done in 42ms @ http://localhost:3000/_next/static/chunks/0484_next_dist_0_l-60x._.js:776
[   52330ms] [LOG] [Fast Refresh] done in 42ms @ http://localhost:3000/_next/static/chunks/0484_next_dist_0_l-60x._.js:776
[   52385ms] [LOG] [Fast Refresh] done in 42ms @ http://localhost:3000/_next/static/chunks/0484_next_dist_0_l-60x._.js:776
[   52448ms] [LOG] [Fast Refresh] done in 42ms @ http://localhost:3000/_next/static/chunks/0484_next_dist_0_l-60x._.js:776
[   52510ms] [LOG] [Fast Refresh] done in 42ms @ http://localhost:3000/_next/static/chunks/0484_next_dist_0_l-60x._.js:776
[   52574ms] [LOG] [Fast Refresh] done in 42ms @ http://localhost:3000/_next/static/chunks/0484_next_dist_0_l-60x._.js:776
[   52635ms] [LOG] [Fast Refresh] done in 42ms @ http://localhost:3000/_next/static/chunks/0484_next_dist_0_l-60x._.js:776
[   52698ms] [LOG] [Fast Refresh] done in 42ms @ http://localhost:3000/_next/static/chunks/0484_next_dist_0_l-60x._.js:776
[   52764ms] [LOG] [Fast Refresh] done in 42ms @ http://localhost:3000/_next/static/chunks/0484_next_dist_0_l-60x._.js:776
[   52826ms] [LOG] [Fast Refresh] done in 42ms @ http://localhost:3000/_next/static/chunks/0484_next_dist_0_l-60x._.js:776
[   52890ms] [LOG] [Fast Refresh] done in 42ms @ http://localhost:3000/_next/static/chunks/0484_next_dist_0_l-60x._.js:776
[   52946ms] [LOG] [Fast Refresh] done in 42ms @ http://localhost:3000/_next/static/chunks/0484_next_dist_0_l-60x._.js:776
[   53007ms] [LOG] [Fast Refresh] done in 42ms @ http://localhost:3000/_next/static/chunks/0484_next_dist_0_l-60x._.js:776
[   53070ms] [LOG] [Fast Refresh] done in 42ms @ http://localhost:3000/_next/static/chunks/0484_next_dist_0_l-60x._.js:776
[   53121ms] [LOG] [Fast Refresh] done in 42ms @ http://localhost:3000/_next/static/chunks/0484_next_dist_0_l-60x._.js:776
[   53179ms] [LOG] [Fast Refresh] done in 42ms @ http://localhost:3000/_next/static/chunks/0484_next_dist_0_l-60x._.js:776
[   53239ms] [LOG] [Fast Refresh] done in 42ms @ http://localhost:3000/_next/static/chunks/0484_next_dist_0_l-60x._.js:776
[   53299ms] [LOG] [Fast Refresh] done in 42ms @ http://localhost:3000/_next/static/chunks/0484_next_dist_0_l-60x._.js:776
[   53359ms] [LOG] [Fast Refresh] done in 42ms @ http://localhost:3000/_next/static/chunks/0484_next_dist_0_l-60x._.js:776
[   53425ms] [LOG] [Fast Refresh] done in 42ms @ http://localhost:3000/_next/static/chunks/0484_next_dist_0_l-60x._.js:776
[   53485ms] [LOG] [Fast Refresh] done in 42ms @ http://localhost:3000/_next/static/chunks/0484_next_dist_0_l-60x._.js:776
[   53553ms] [LOG] [Fast Refresh] done in 42ms @ http://localhost:3000/_next/static/chunks/0484_next_dist_0_l-60x._.js:776
[   53614ms] [LOG] [Fast Refresh] done in 42ms @ http://localhost:3000/_next/static/chunks/0484_next_dist_0_l-60x._.js:776
[   53675ms] [LOG] [Fast Refresh] done in 42ms @ http://localhost:3000/_next/static/chunks/0484_next_dist_0_l-60x._.js:776
[   53737ms] [LOG] [Fast Refresh] done in 42ms @ http://localhost:3000/_next/static/chunks/0484_next_dist_0_l-60x._.js:776
[   53800ms] [LOG] [Fast Refresh] done in 42ms @ http://localhost:3000/_next/static/chunks/0484_next_dist_0_l-60x._.js:776
[   53861ms] [LOG] [Fast Refresh] done in 42ms @ http://localhost:3000/_next/static/chunks/0484_next_dist_0_l-60x._.js:776
[   53922ms] [LOG] [Fast Refresh] done in 42ms @ http://localhost:3000/_next/static/chunks/0484_next_dist_0_l-60x._.js:776
[   53985ms] [LOG] [Fast Refresh] done in 42ms @ http://localhost:3000/_next/static/chunks/0484_next_dist_0_l-60x._.js:776
[   54048ms] [LOG] [Fast Refresh] done in 42ms @ http://localhost:3000/_next/static/chunks/0484_next_dist_0_l-60x._.js:776
[   54112ms] [LOG] [Fast Refresh] done in 42ms @ http://localhost:3000/_next/static/chunks/0484_next_dist_0_l-60x._.js:776
[   54177ms] [LOG] [Fast Refresh] done in 42ms @ http://localhost:3000/_next/static/chunks/0484_next_dist_0_l-60x._.js:776
[   54244ms] [LOG] [Fast Refresh] done in 42ms @ http://localhost:3000/_next/static/chunks/0484_next_dist_0_l-60x._.js:776
[   54310ms] [LOG] [Fast Refresh] done in 42ms @ http://localhost:3000/_next/static/chunks/0484_next_dist_0_l-60x._.js:776
[   54376ms] [LOG] [Fast Refresh] done in 42ms @ http://localhost:3000/_next/static/chunks/0484_next_dist_0_l-60x._.js:776
[   54441ms] [LOG] [Fast Refresh] done in 42ms @ http://localhost:3000/_next/static/chunks/0484_next_dist_0_l-60x._.js:776
[   54502ms] [LOG] [Fast Refresh] done in 42ms @ http://localhost:3000/_next/static/chunks/0484_next_dist_0_l-60x._.js:776
[   54567ms] [LOG] [Fast Refresh] done in 42ms @ http://localhost:3000/_next/static/chunks/0484_next_dist_0_l-60x._.js:776
[   54630ms] [LOG] [Fast Refresh] done in 42ms @ http://localhost:3000/_next/static/chunks/0484_next_dist_0_l-60x._.js:776
[   54693ms] [LOG] [Fast Refresh] done in 42ms @ http://localhost:3000/_next/static/chunks/0484_next_dist_0_l-60x._.js:776
[   54756ms] [LOG] [Fast Refresh] done in 42ms @ http://localhost:3000/_next/static/chunks/0484_next_dist_0_l-60x._.js:776
[   54817ms] [LOG] [Fast Refresh] done in 42ms @ http://localhost:3000/_next/static/chunks/0484_next_dist_0_l-60x._.js:776
[   54880ms] [LOG] [Fast Refresh] done in 42ms @ http://localhost:3000/_next/static/chunks/0484_next_dist_0_l-60x._.js:776
[   54937ms] [LOG] [Fast Refresh] done in 42ms @ http://localhost:3000/_next/static/chunks/0484_next_dist_0_l-60x._.js:776
[   55021ms] [LOG] [Fast Refresh] done in 42ms @ http://localhost:3000/_next/static/chunks/0484_next_dist_0_l-60x._.js:776
[   55092ms] [LOG] [Fast Refresh] done in 42ms @ http://localhost:3000/_next/static/chunks/0484_next_dist_0_l-60x._.js:776
[   55161ms] [LOG] [Fast Refresh] done in 42ms @ http://localhost:3000/_next/static/chunks/0484_next_dist_0_l-60x._.js:776
[   55234ms] [LOG] [Fast Refresh] done in 42ms @ http://localhost:3000/_next/static/chunks/0484_next_dist_0_l-60x._.js:776
[   55302ms] [LOG] [Fast Refresh] done in 42ms @ http://localhost:3000/_next/static/chunks/0484_next_dist_0_l-60x._.js:776
[   55371ms] [LOG] [Fast Refresh] done in 42ms @ http://localhost:3000/_next/static/chunks/0484_next_dist_0_l-60x._.js:776
[   55434ms] [LOG] [Fast Refresh] done in 42ms @ http://localhost:3000/_next/static/chunks/0484_next_dist_0_l-60x._.js:776
[   55495ms] [LOG] [Fast Refresh] done in 42ms @ http://localhost:3000/_next/static/chunks/0484_next_dist_0_l-60x._.js:776
[   55556ms] [LOG] [Fast Refresh] done in 42ms @ http://localhost:3000/_next/static/chunks/0484_next_dist_0_l-60x._.js:776
[   55621ms] [LOG] [Fast Refresh] done in 42ms @ http://localhost:3000/_next/static/chunks/0484_next_dist_0_l-60x._.js:776
[   55689ms] [LOG] [Fast Refresh] done in 42ms @ http://localhost:3000/_next/static/chunks/0484_next_dist_0_l-60x._.js:776
[   55747ms] [LOG] [Fast Refresh] done in 42ms @ http://localhost:3000/_next/static/chunks/0484_next_dist_0_l-60x._.js:776
[   55800ms] [LOG] [Fast Refresh] done in 42ms @ http://localhost:3000/_next/static/chunks/0484_next_dist_0_l-60x._.js:776
[   55866ms] [LOG] [Fast Refresh] done in 42ms @ http://localhost:3000/_next/static/chunks/0484_next_dist_0_l-60x._.js:776
[   55925ms] [LOG] [Fast Refresh] done in 42ms @ http://localhost:3000/_next/static/chunks/0484_next_dist_0_l-60x._.js:776
[   55989ms] [LOG] [Fast Refresh] done in 42ms @ http://localhost:3000/_next/static/chunks/0484_next_dist_0_l-60x._.js:776
[   56048ms] [LOG] [Fast Refresh] done in 42ms @ http://localhost:3000/_next/static/chunks/0484_next_dist_0_l-60x._.js:776
[   56109ms] [LOG] [Fast Refresh] done in 42ms @ http://localhost:3000/_next/static/chunks/0484_next_dist_0_l-60x._.js:776
[   56169ms] [LOG] [Fast Refresh] done in 42ms @ http://localhost:3000/_next/static/chunks/0484_next_dist_0_l-60x._.js:776
[   56231ms] [LOG] [Fast Refresh] done in 42ms @ http://localhost:3000/_next/static/chunks/0484_next_dist_0_l-60x._.js:776
[   56290ms] [LOG] [Fast Refresh] done in 42ms @ http://localhost:3000/_next/static/chunks/0484_next_dist_0_l-60x._.js:776
[   56345ms] [LOG] [Fast Refresh] done in 42ms @ http://localhost:3000/_next/static/chunks/0484_next_dist_0_l-60x._.js:776
[   56398ms] [LOG] [Fast Refresh] done in 42ms @ http://localhost:3000/_next/static/chunks/0484_next_dist_0_l-60x._.js:776
[   56456ms] [LOG] [Fast Refresh] done in 42ms @ http://localhost:3000/_next/static/chunks/0484_next_dist_0_l-60x._.js:776
[   56512ms] [LOG] [Fast Refresh] done in 42ms @ http://localhost:3000/_next/static/chunks/0484_next_dist_0_l-60x._.js:776
[   56573ms] [LOG] [Fast Refresh] done in 42ms @ http://localhost:3000/_next/static/chunks/0484_next_dist_0_l-60x._.js:776
[   56631ms] [LOG] [Fast Refresh] done in 42ms @ http://localhost:3000/_next/static/chunks/0484_next_dist_0_l-60x._.js:776
[   56690ms] [LOG] [Fast Refresh] done in 42ms @ http://localhost:3000/_next/static/chunks/0484_next_dist_0_l-60x._.js:776
[   56748ms] [LOG] [Fast Refresh] done in 42ms @ http://localhost:3000/_next/static/chunks/0484_next_dist_0_l-60x._.js:776
[   56801ms] [LOG] [Fast Refresh] done in 42ms @ http://localhost:3000/_next/static/chunks/0484_next_dist_0_l-60x._.js:776
[   56860ms] [LOG] [Fast Refresh] done in 42ms @ http://localhost:3000/_next/static/chunks/0484_next_dist_0_l-60x._.js:776
[   56929ms] [LOG] [Fast Refresh] done in 42ms @ http://localhost:3000/_next/static/chunks/0484_next_dist_0_l-60x._.js:776
[   56990ms] [LOG] [Fast Refresh] done in 42ms @ http://localhost:3000/_next/static/chunks/0484_next_dist_0_l-60x._.js:776
[   57045ms] [LOG] [Fast Refresh] done in 42ms @ http://localhost:3000/_next/static/chunks/0484_next_dist_0_l-60x._.js:776
[   57103ms] [LOG] [Fast Refresh] done in 42ms @ http://localhost:3000/_next/static/chunks/0484_next_dist_0_l-60x._.js:776
[   57160ms] [LOG] [Fast Refresh] done in 42ms @ http://localhost:3000/_next/static/chunks/0484_next_dist_0_l-60x._.js:776
[   57217ms] [LOG] [Fast Refresh] done in 42ms @ http://localhost:3000/_next/static/chunks/0484_next_dist_0_l-60x._.js:776
[   57276ms] [LOG] [Fast Refresh] done in 42ms @ http://localhost:3000/_next/static/chunks/0484_next_dist_0_l-60x._.js:776
[   57333ms] [LOG] [Fast Refresh] done in 42ms @ http://localhost:3000/_next/static/chunks/0484_next_dist_0_l-60x._.js:776
[   57390ms] [LOG] [Fast Refresh] done in 42ms @ http://localhost:3000/_next/static/chunks/0484_next_dist_0_l-60x._.js:776
[   57447ms] [LOG] [Fast Refresh] done in 42ms @ http://localhost:3000/_next/static/chunks/0484_next_dist_0_l-60x._.js:776
[   57511ms] [LOG] [Fast Refresh] done in 42ms @ http://localhost:3000/_next/static/chunks/0484_next_dist_0_l-60x._.js:776
[   57572ms] [LOG] [Fast Refresh] done in 42ms @ http://localhost:3000/_next/static/chunks/0484_next_dist_0_l-60x._.js:776
[   57629ms] [LOG] [Fast Refresh] done in 42ms @ http://localhost:3000/_next/static/chunks/0484_next_dist_0_l-60x._.js:776
[   57682ms] [LOG] [Fast Refresh] done in 42ms @ http://localhost:3000/_next/static/chunks/0484_next_dist_0_l-60x._.js:776
[   57739ms] [LOG] [Fast Refresh] done in 42ms @ http://localhost:3000/_next/static/chunks/0484_next_dist_0_l-60x._.js:776
[   57800ms] [LOG] [Fast Refresh] done in 42ms @ http://localhost:3000/_next/static/chunks/0484_next_dist_0_l-60x._.js:776
[   57863ms] [LOG] [Fast Refresh] done in 42ms @ http://localhost:3000/_next/static/chunks/0484_next_dist_0_l-60x._.js:776
[   57927ms] [LOG] [Fast Refresh] done in 42ms @ http://localhost:3000/_next/static/chunks/0484_next_dist_0_l-60x._.js:776
[   57993ms] [LOG] [Fast Refresh] done in 42ms @ http://localhost:3000/_next/static/chunks/0484_next_dist_0_l-60x._.js:776
[   58055ms] [LOG] [Fast Refresh] done in 42ms @ http://localhost:3000/_next/static/chunks/0484_next_dist_0_l-60x._.js:776
[   58121ms] [LOG] [Fast Refresh] done in 42ms @ http://localhost:3000/_next/static/chunks/0484_next_dist_0_l-60x._.js:776
[   58188ms] [LOG] [Fast Refresh] done in 42ms @ http://localhost:3000/_next/static/chunks/0484_next_dist_0_l-60x._.js:776
[   58248ms] [LOG] [Fast Refresh] done in 42ms @ http://localhost:3000/_next/static/chunks/0484_next_dist_0_l-60x._.js:776
[   58308ms] [LOG] [Fast Refresh] done in 42ms @ http://localhost:3000/_next/static/chunks/0484_next_dist_0_l-60x._.js:776
[   58361ms] [LOG] [Fast Refresh] done in 42ms @ http://localhost:3000/_next/static/chunks/0484_next_dist_0_l-60x._.js:776
[   58425ms] [LOG] [Fast Refresh] done in 42ms @ http://localhost:3000/_next/static/chunks/0484_next_dist_0_l-60x._.js:776
[   58486ms] [LOG] [Fast Refresh] done in 42ms @ http://localhost:3000/_next/static/chunks/0484_next_dist_0_l-60x._.js:776
[   58545ms] [LOG] [Fast Refresh] done in 42ms @ http://localhost:3000/_next/static/chunks/0484_next_dist_0_l-60x._.js:776
[   58605ms] [LOG] [Fast Refresh] done in 42ms @ http://localhost:3000/_next/static/chunks/0484_next_dist_0_l-60x._.js:776
[   58664ms] [LOG] [Fast Refresh] done in 42ms @ http://localhost:3000/_next/static/chunks/0484_next_dist_0_l-60x._.js:776
[   58728ms] [LOG] [Fast Refresh] done in 42ms @ http://localhost:3000/_next/static/chunks/0484_next_dist_0_l-60x._.js:776
[   58791ms] [LOG] [Fast Refresh] done in 42ms @ http://localhost:3000/_next/static/chunks/0484_next_dist_0_l-60x._.js:776
[   58847ms] [LOG] [Fast Refresh] done in 42ms @ http://localhost:3000/_next/static/chunks/0484_next_dist_0_l-60x._.js:776
[   58931ms] [LOG] [Fast Refresh] done in 42ms @ http://localhost:3000/_next/static/chunks/0484_next_dist_0_l-60x._.js:776
[   59001ms] [LOG] [Fast Refresh] done in 42ms @ http://localhost:3000/_next/static/chunks/0484_next_dist_0_l-60x._.js:776
[   59065ms] [LOG] [Fast Refresh] done in 42ms @ http://localhost:3000/_next/static/chunks/0484_next_dist_0_l-60x._.js:776
[   59135ms] [LOG] [Fast Refresh] done in 42ms @ http://localhost:3000/_next/static/chunks/0484_next_dist_0_l-60x._.js:776
[   59199ms] [LOG] [Fast Refresh] done in 42ms @ http://localhost:3000/_next/static/chunks/0484_next_dist_0_l-60x._.js:776
[   59268ms] [LOG] [Fast Refresh] done in 42ms @ http://localhost:3000/_next/static/chunks/0484_next_dist_0_l-60x._.js:776
[   59330ms] [LOG] [Fast Refresh] done in 42ms @ http://localhost:3000/_next/static/chunks/0484_next_dist_0_l-60x._.js:776
[   59391ms] [LOG] [Fast Refresh] done in 42ms @ http://localhost:3000/_next/static/chunks/0484_next_dist_0_l-60x._.js:776
[   59453ms] [LOG] [Fast Refresh] done in 42ms @ http://localhost:3000/_next/static/chunks/0484_next_dist_0_l-60x._.js:776
[   59518ms] [LOG] [Fast Refresh] done in 42ms @ http://localhost:3000/_next/static/chunks/0484_next_dist_0_l-60x._.js:776
[   59582ms] [LOG] [Fast Refresh] done in 42ms @ http://localhost:3000/_next/static/chunks/0484_next_dist_0_l-60x._.js:776
[   59646ms] [LOG] [Fast Refresh] done in 42ms @ http://localhost:3000/_next/static/chunks/0484_next_dist_0_l-60x._.js:776
[   59741ms] [LOG] [Fast Refresh] done in 42ms @ http://localhost:3000/_next/static/chunks/0484_next_dist_0_l-60x._.js:776
[   59804ms] [LOG] [Fast Refresh] done in 42ms @ http://localhost:3000/_next/static/chunks/0484_next_dist_0_l-60x._.js:776
[   59866ms] [LOG] [Fast Refresh] done in 42ms @ http://localhost:3000/_next/static/chunks/0484_next_dist_0_l-60x._.js:776
[   59934ms] [LOG] [Fast Refresh] done in 42ms @ http://localhost:3000/_next/static/chunks/0484_next_dist_0_l-60x._.js:776
[   60001ms] [LOG] [Fast Refresh] done in 42ms @ http://localhost:3000/_next/static/chunks/0484_next_dist_0_l-60x._.js:776
[   60065ms] [LOG] [Fast Refresh] done in 42ms @ http://localhost:3000/_next/static/chunks/0484_next_dist_0_l-60x._.js:776
[   60126ms] [LOG] [Fast Refresh] done in 42ms @ http://localhost:3000/_next/static/chunks/0484_next_dist_0_l-60x._.js:776
[   60196ms] [LOG] [Fast Refresh] done in 42ms @ http://localhost:3000/_next/static/chunks/0484_next_dist_0_l-60x._.js:776
[   60268ms] [LOG] [Fast Refresh] done in 42ms @ http://localhost:3000/_next/static/chunks/0484_next_dist_0_l-60x._.js:776
[   60339ms] [LOG] [Fast Refresh] done in 42ms @ http://localhost:3000/_next/static/chunks/0484_next_dist_0_l-60x._.js:776
[   60408ms] [LOG] [Fast Refresh] done in 42ms @ http://localhost:3000/_next/static/chunks/0484_next_dist_0_l-60x._.js:776
[   60484ms] [LOG] [Fast Refresh] done in 42ms @ http://localhost:3000/_next/static/chunks/0484_next_dist_0_l-60x._.js:776
[   60563ms] [LOG] [Fast Refresh] done in 42ms @ http://localhost:3000/_next/static/chunks/0484_next_dist_0_l-60x._.js:776
[   60637ms] [LOG] [Fast Refresh] done in 42ms @ http://localhost:3000/_next/static/chunks/0484_next_dist_0_l-60x._.js:776
[   60707ms] [LOG] [Fast Refresh] done in 42ms @ http://localhost:3000/_next/static/chunks/0484_next_dist_0_l-60x._.js:776
[   60768ms] [LOG] [Fast Refresh] done in 42ms @ http://localhost:3000/_next/static/chunks/0484_next_dist_0_l-60x._.js:776
[   60830ms] [LOG] [Fast Refresh] done in 42ms @ http://localhost:3000/_next/static/chunks/0484_next_dist_0_l-60x._.js:776
[   60900ms] [LOG] [Fast Refresh] done in 42ms @ http://localhost:3000/_next/static/chunks/0484_next_dist_0_l-60x._.js:776
[   60935ms] [LOG] [Fast Refresh] done in 42ms @ http://localhost:3000/_next/static/chunks/0484_next_dist_0_l-60x._.js:776
[   60975ms] [LOG] [Fast Refresh] done in 42ms @ http://localhost:3000/_next/static/chunks/0484_next_dist_0_l-60x._.js:776
[   61010ms] [LOG] [Fast Refresh] done in 42ms @ http://localhost:3000/_next/static/chunks/0484_next_dist_0_l-60x._.js:776
[   61042ms] [LOG] [Fast Refresh] done in 42ms @ http://localhost:3000/_next/static/chunks/0484_next_dist_0_l-60x._.js:776
[   61103ms] [LOG] [Fast Refresh] done in 42ms @ http://localhost:3000/_next/static/chunks/0484_next_dist_0_l-60x._.js:776
[   61175ms] [LOG] [Fast Refresh] done in 42ms @ http://localhost:3000/_next/static/chunks/0484_next_dist_0_l-60x._.js:776
[   61239ms] [LOG] [Fast Refresh] done in 42ms @ http://localhost:3000/_next/static/chunks/0484_next_dist_0_l-60x._.js:776
[   61304ms] [LOG] [Fast Refresh] done in 42ms @ http://localhost:3000/_next/static/chunks/0484_next_dist_0_l-60x._.js:776
[   61361ms] [LOG] [Fast Refresh] done in 42ms @ http://localhost:3000/_next/static/chunks/0484_next_dist_0_l-60x._.js:776
[   61415ms] [LOG] [Fast Refresh] done in 42ms @ http://localhost:3000/_next/static/chunks/0484_next_dist_0_l-60x._.js:776
[   61469ms] [LOG] [Fast Refresh] done in 42ms @ http://localhost:3000/_next/static/chunks/0484_next_dist_0_l-60x._.js:776
[   61528ms] [LOG] [Fast Refresh] done in 42ms @ http://localhost:3000/_next/static/chunks/0484_next_dist_0_l-60x._.js:776
[   61590ms] [LOG] [Fast Refresh] done in 42ms @ http://localhost:3000/_next/static/chunks/0484_next_dist_0_l-60x._.js:776
[   61653ms] [LOG] [Fast Refresh] done in 42ms @ http://localhost:3000/_next/static/chunks/0484_next_dist_0_l-60x._.js:776
[   61713ms] [LOG] [Fast Refresh] done in 42ms @ http://localhost:3000/_next/static/chunks/0484_next_dist_0_l-60x._.js:776
[   61770ms] [LOG] [Fast Refresh] done in 42ms @ http://localhost:3000/_next/static/chunks/0484_next_dist_0_l-60x._.js:776
[   61830ms] [LOG] [Fast Refresh] done in 42ms @ http://localhost:3000/_next/static/chunks/0484_next_dist_0_l-60x._.js:776
[   61891ms] [LOG] [Fast Refresh] done in 42ms @ http://localhost:3000/_next/static/chunks/0484_next_dist_0_l-60x._.js:776
[   61952ms] [LOG] [Fast Refresh] done in 42ms @ http://localhost:3000/_next/static/chunks/0484_next_dist_0_l-60x._.js:776
[   62009ms] [LOG] [Fast Refresh] done in 42ms @ http://localhost:3000/_next/static/chunks/0484_next_dist_0_l-60x._.js:776
[   62065ms] [LOG] [Fast Refresh] done in 42ms @ http://localhost:3000/_next/static/chunks/0484_next_dist_0_l-60x._.js:776
[   62130ms] [LOG] [Fast Refresh] done in 42ms @ http://localhost:3000/_next/static/chunks/0484_next_dist_0_l-60x._.js:776
[   62195ms] [LOG] [Fast Refresh] done in 42ms @ http://localhost:3000/_next/static/chunks/0484_next_dist_0_l-60x._.js:776
[   62263ms] [LOG] [Fast Refresh] done in 42ms @ http://localhost:3000/_next/static/chunks/0484_next_dist_0_l-60x._.js:776
[   62330ms] [LOG] [Fast Refresh] done in 42ms @ http://localhost:3000/_next/static/chunks/0484_next_dist_0_l-60x._.js:776
[   62397ms] [LOG] [Fast Refresh] done in 42ms @ http://localhost:3000/_next/static/chunks/0484_next_dist_0_l-60x._.js:776
[   62467ms] [LOG] [Fast Refresh] done in 42ms @ http://localhost:3000/_next/static/chunks/0484_next_dist_0_l-60x._.js:776
[   62537ms] [LOG] [Fast Refresh] done in 42ms @ http://localhost:3000/_next/static/chunks/0484_next_dist_0_l-60x._.js:776
[   62607ms] [LOG] [Fast Refresh] done in 42ms @ http://localhost:3000/_next/static/chunks/0484_next_dist_0_l-60x._.js:776
[   62674ms] [LOG] [Fast Refresh] done in 42ms @ http://localhost:3000/_next/static/chunks/0484_next_dist_0_l-60x._.js:776
[   62742ms] [LOG] [Fast Refresh] done in 42ms @ http://localhost:3000/_next/static/chunks/0484_next_dist_0_l-60x._.js:776
[   62807ms] [LOG] [Fast Refresh] done in 42ms @ http://localhost:3000/_next/static/chunks/0484_next_dist_0_l-60x._.js:776
[   62863ms] [LOG] [Fast Refresh] done in 42ms @ http://localhost:3000/_next/static/chunks/0484_next_dist_0_l-60x._.js:776
[   62935ms] [LOG] [Fast Refresh] done in 42ms @ http://localhost:3000/_next/static/chunks/0484_next_dist_0_l-60x._.js:776
[   63012ms] [LOG] [Fast Refresh] done in 42ms @ http://localhost:3000/_next/static/chunks/0484_next_dist_0_l-60x._.js:776
[   63080ms] [LOG] [Fast Refresh] done in 42ms @ http://localhost:3000/_next/static/chunks/0484_next_dist_0_l-60x._.js:776
[   63159ms] [LOG] [Fast Refresh] done in 42ms @ http://localhost:3000/_next/static/chunks/0484_next_dist_0_l-60x._.js:776
[   63233ms] [LOG] [Fast Refresh] done in 42ms @ http://localhost:3000/_next/static/chunks/0484_next_dist_0_l-60x._.js:776
[   63305ms] [LOG] [Fast Refresh] done in 42ms @ http://localhost:3000/_next/static/chunks/0484_next_dist_0_l-60x._.js:776
[   63382ms] [LOG] [Fast Refresh] done in 42ms @ http://localhost:3000/_next/static/chunks/0484_next_dist_0_l-60x._.js:776
[   63461ms] [LOG] [Fast Refresh] done in 42ms @ http://localhost:3000/_next/static/chunks/0484_next_dist_0_l-60x._.js:776
[   63533ms] [LOG] [Fast Refresh] done in 42ms @ http://localhost:3000/_next/static/chunks/0484_next_dist_0_l-60x._.js:776
[   63593ms] [LOG] [Fast Refresh] done in 42ms @ http://localhost:3000/_next/static/chunks/0484_next_dist_0_l-60x._.js:776
[   63662ms] [LOG] [Fast Refresh] done in 42ms @ http://localhost:3000/_next/static/chunks/0484_next_dist_0_l-60x._.js:776
[   63733ms] [LOG] [Fast Refresh] done in 42ms @ http://localhost:3000/_next/static/chunks/0484_next_dist_0_l-60x._.js:776
[   63818ms] [LOG] [Fast Refresh] done in 42ms @ http://localhost:3000/_next/static/chunks/0484_next_dist_0_l-60x._.js:776
[   63920ms] [LOG] [Fast Refresh] done in 42ms @ http://localhost:3000/_next/static/chunks/0484_next_dist_0_l-60x._.js:776
[   64001ms] [LOG] [Fast Refresh] done in 42ms @ http://localhost:3000/_next/static/chunks/0484_next_dist_0_l-60x._.js:776
[   64080ms] [LOG] [Fast Refresh] done in 42ms @ http://localhost:3000/_next/static/chunks/0484_next_dist_0_l-60x._.js:776
[   64159ms] [LOG] [Fast Refresh] done in 42ms @ http://localhost:3000/_next/static/chunks/0484_next_dist_0_l-60x._.js:776
[   64237ms] [LOG] [Fast Refresh] done in 42ms @ http://localhost:3000/_next/static/chunks/0484_next_dist_0_l-60x._.js:776
[   64315ms] [LOG] [Fast Refresh] done in 42ms @ http://localhost:3000/_next/static/chunks/0484_next_dist_0_l-60x._.js:776
[   64388ms] [LOG] [Fast Refresh] done in 42ms @ http://localhost:3000/_next/static/chunks/0484_next_dist_0_l-60x._.js:776
[   64470ms] [LOG] [Fast Refresh] done in 42ms @ http://localhost:3000/_next/static/chunks/0484_next_dist_0_l-60x._.js:776
[   64544ms] [LOG] [Fast Refresh] done in 42ms @ http://localhost:3000/_next/static/chunks/0484_next_dist_0_l-60x._.js:776
[   64629ms] [LOG] [Fast Refresh] done in 42ms @ http://localhost:3000/_next/static/chunks/0484_next_dist_0_l-60x._.js:776
[   64702ms] [LOG] [Fast Refresh] done in 42ms @ http://localhost:3000/_next/static/chunks/0484_next_dist_0_l-60x._.js:776
[   64781ms] [LOG] [Fast Refresh] done in 42ms @ http://localhost:3000/_next/static/chunks/0484_next_dist_0_l-60x._.js:776
[   64857ms] [LOG] [Fast Refresh] done in 42ms @ http://localhost:3000/_next/static/chunks/0484_next_dist_0_l-60x._.js:776
[   64938ms] [LOG] [Fast Refresh] done in 42ms @ http://localhost:3000/_next/static/chunks/0484_next_dist_0_l-60x._.js:776
[   65027ms] [LOG] [Fast Refresh] done in 42ms @ http://localhost:3000/_next/static/chunks/0484_next_dist_0_l-60x._.js:776
[   65120ms] [LOG] [Fast Refresh] done in 42ms @ http://localhost:3000/_next/static/chunks/0484_next_dist_0_l-60x._.js:776
[   65201ms] [LOG] [Fast Refresh] done in 42ms @ http://localhost:3000/_next/static/chunks/0484_next_dist_0_l-60x._.js:776
[   65274ms] [LOG] [Fast Refresh] done in 42ms @ http://localhost:3000/_next/static/chunks/0484_next_dist_0_l-60x._.js:776
[   65349ms] [LOG] [Fast Refresh] done in 42ms @ http://localhost:3000/_next/static/chunks/0484_next_dist_0_l-60x._.js:776
[   65420ms] [LOG] [Fast Refresh] done in 42ms @ http://localhost:3000/_next/static/chunks/0484_next_dist_0_l-60x._.js:776
[   65490ms] [LOG] [Fast Refresh] done in 42ms @ http://localhost:3000/_next/static/chunks/0484_next_dist_0_l-60x._.js:776
[   65558ms] [LOG] [Fast Refresh] done in 42ms @ http://localhost:3000/_next/static/chunks/0484_next_dist_0_l-60x._.js:776
[   65620ms] [LOG] [Fast Refresh] done in 42ms @ http://localhost:3000/_next/static/chunks/0484_next_dist_0_l-60x._.js:776
[   65683ms] [LOG] [Fast Refresh] done in 42ms @ http://localhost:3000/_next/static/chunks/0484_next_dist_0_l-60x._.js:776
[   65750ms] [LOG] [Fast Refresh] done in 42ms @ http://localhost:3000/_next/static/chunks/0484_next_dist_0_l-60x._.js:776
[   65819ms] [LOG] [Fast Refresh] done in 42ms @ http://localhost:3000/_next/static/chunks/0484_next_dist_0_l-60x._.js:776
[   65887ms] [LOG] [Fast Refresh] done in 42ms @ http://localhost:3000/_next/static/chunks/0484_next_dist_0_l-60x._.js:776
[   65949ms] [LOG] [Fast Refresh] done in 42ms @ http://localhost:3000/_next/static/chunks/0484_next_dist_0_l-60x._.js:776
[   66019ms] [LOG] [Fast Refresh] done in 42ms @ http://localhost:3000/_next/static/chunks/0484_next_dist_0_l-60x._.js:776
[   66088ms] [LOG] [Fast Refresh] done in 42ms @ http://localhost:3000/_next/static/chunks/0484_next_dist_0_l-60x._.js:776
[   66162ms] [LOG] [Fast Refresh] done in 42ms @ http://localhost:3000/_next/static/chunks/0484_next_dist_0_l-60x._.js:776
[   66245ms] [LOG] [Fast Refresh] done in 42ms @ http://localhost:3000/_next/static/chunks/0484_next_dist_0_l-60x._.js:776
[   66367ms] [LOG] [Fast Refresh] done in 42ms @ http://localhost:3000/_next/static/chunks/0484_next_dist_0_l-60x._.js:776
[   66455ms] [LOG] [Fast Refresh] done in 42ms @ http://localhost:3000/_next/static/chunks/0484_next_dist_0_l-60x._.js:776
[   66532ms] [LOG] [Fast Refresh] done in 42ms @ http://localhost:3000/_next/static/chunks/0484_next_dist_0_l-60x._.js:776
[   66618ms] [LOG] [Fast Refresh] done in 42ms @ http://localhost:3000/_next/static/chunks/0484_next_dist_0_l-60x._.js:776
[   66700ms] [LOG] [Fast Refresh] done in 42ms @ http://localhost:3000/_next/static/chunks/0484_next_dist_0_l-60x._.js:776
[   66786ms] [LOG] [Fast Refresh] done in 42ms @ http://localhost:3000/_next/static/chunks/0484_next_dist_0_l-60x._.js:776
[   66860ms] [LOG] [Fast Refresh] done in 42ms @ http://localhost:3000/_next/static/chunks/0484_next_dist_0_l-60x._.js:776
[   66934ms] [LOG] [Fast Refresh] done in 42ms @ http://localhost:3000/_next/static/chunks/0484_next_dist_0_l-60x._.js:776
[   66969ms] [LOG] [Fast Refresh] done in 42ms @ http://localhost:3000/_next/static/chunks/0484_next_dist_0_l-60x._.js:776
[   67042ms] [LOG] [Fast Refresh] done in 42ms @ http://localhost:3000/_next/static/chunks/0484_next_dist_0_l-60x._.js:776
[   67115ms] [LOG] [Fast Refresh] done in 42ms @ http://localhost:3000/_next/static/chunks/0484_next_dist_0_l-60x._.js:776
[   67192ms] [LOG] [Fast Refresh] done in 42ms @ http://localhost:3000/_next/static/chunks/0484_next_dist_0_l-60x._.js:776
[   67267ms] [LOG] [Fast Refresh] done in 42ms @ http://localhost:3000/_next/static/chunks/0484_next_dist_0_l-60x._.js:776
[   67326ms] [LOG] [Fast Refresh] done in 42ms @ http://localhost:3000/_next/static/chunks/0484_next_dist_0_l-60x._.js:776
[   67389ms] [LOG] [Fast Refresh] done in 42ms @ http://localhost:3000/_next/static/chunks/0484_next_dist_0_l-60x._.js:776
[   67456ms] [LOG] [Fast Refresh] done in 42ms @ http://localhost:3000/_next/static/chunks/0484_next_dist_0_l-60x._.js:776
[   67523ms] [LOG] [Fast Refresh] done in 42ms @ http://localhost:3000/_next/static/chunks/0484_next_dist_0_l-60x._.js:776
[   67585ms] [LOG] [Fast Refresh] done in 42ms @ http://localhost:3000/_next/static/chunks/0484_next_dist_0_l-60x._.js:776
[   67647ms] [LOG] [Fast Refresh] done in 42ms @ http://localhost:3000/_next/static/chunks/0484_next_dist_0_l-60x._.js:776
[   67734ms] [LOG] [Fast Refresh] done in 42ms @ http://localhost:3000/_next/static/chunks/0484_next_dist_0_l-60x._.js:776
[   67797ms] [LOG] [Fast Refresh] done in 42ms @ http://localhost:3000/_next/static/chunks/0484_next_dist_0_l-60x._.js:776
[   67863ms] [LOG] [Fast Refresh] done in 42ms @ http://localhost:3000/_next/static/chunks/0484_next_dist_0_l-60x._.js:776
[   67930ms] [LOG] [Fast Refresh] done in 42ms @ http://localhost:3000/_next/static/chunks/0484_next_dist_0_l-60x._.js:776
[   67987ms] [LOG] [Fast Refresh] done in 42ms @ http://localhost:3000/_next/static/chunks/0484_next_dist_0_l-60x._.js:776
[   68059ms] [LOG] [Fast Refresh] done in 42ms @ http://localhost:3000/_next/static/chunks/0484_next_dist_0_l-60x._.js:776
[   68130ms] [LOG] [Fast Refresh] done in 42ms @ http://localhost:3000/_next/static/chunks/0484_next_dist_0_l-60x._.js:776
[   68190ms] [LOG] [Fast Refresh] done in 42ms @ http://localhost:3000/_next/static/chunks/0484_next_dist_0_l-60x._.js:776
[   68254ms] [LOG] [Fast Refresh] done in 42ms @ http://localhost:3000/_next/static/chunks/0484_next_dist_0_l-60x._.js:776
[   68333ms] [LOG] [Fast Refresh] done in 42ms @ http://localhost:3000/_next/static/chunks/0484_next_dist_0_l-60x._.js:776
[   68398ms] [LOG] [Fast Refresh] done in 42ms @ http://localhost:3000/_next/static/chunks/0484_next_dist_0_l-60x._.js:776
[   68473ms] [LOG] [Fast Refresh] done in 42ms @ http://localhost:3000/_next/static/chunks/0484_next_dist_0_l-60x._.js:776
[   68542ms] [LOG] [Fast Refresh] done in 42ms @ http://localhost:3000/_next/static/chunks/0484_next_dist_0_l-60x._.js:776
[   68626ms] [LOG] [Fast Refresh] done in 42ms @ http://localhost:3000/_next/static/chunks/0484_next_dist_0_l-60x._.js:776
[   68682ms] [LOG] [Fast Refresh] done in 42ms @ http://localhost:3000/_next/static/chunks/0484_next_dist_0_l-60x._.js:776
[   68751ms] [LOG] [Fast Refresh] done in 42ms @ http://localhost:3000/_next/static/chunks/0484_next_dist_0_l-60x._.js:776
[   68806ms] [LOG] [Fast Refresh] done in 42ms @ http://localhost:3000/_next/static/chunks/0484_next_dist_0_l-60x._.js:776
[   68864ms] [LOG] [Fast Refresh] done in 42ms @ http://localhost:3000/_next/static/chunks/0484_next_dist_0_l-60x._.js:776
[   68929ms] [LOG] [Fast Refresh] done in 42ms @ http://localhost:3000/_next/static/chunks/0484_next_dist_0_l-60x._.js:776
[   68993ms] [LOG] [Fast Refresh] done in 42ms @ http://localhost:3000/_next/static/chunks/0484_next_dist_0_l-60x._.js:776
[   69051ms] [LOG] [Fast Refresh] done in 42ms @ http://localhost:3000/_next/static/chunks/0484_next_dist_0_l-60x._.js:776
[   69108ms] [LOG] [Fast Refresh] done in 42ms @ http://localhost:3000/_next/static/chunks/0484_next_dist_0_l-60x._.js:776
[   69170ms] [LOG] [Fast Refresh] done in 42ms @ http://localhost:3000/_next/static/chunks/0484_next_dist_0_l-60x._.js:776
[   69225ms] [LOG] [Fast Refresh] done in 42ms @ http://localhost:3000/_next/static/chunks/0484_next_dist_0_l-60x._.js:776
[   69284ms] [LOG] [Fast Refresh] done in 42ms @ http://localhost:3000/_next/static/chunks/0484_next_dist_0_l-60x._.js:776
[   69341ms] [LOG] [Fast Refresh] done in 42ms @ http://localhost:3000/_next/static/chunks/0484_next_dist_0_l-60x._.js:776
[   69401ms] [LOG] [Fast Refresh] done in 42ms @ http://localhost:3000/_next/static/chunks/0484_next_dist_0_l-60x._.js:776
[   69463ms] [LOG] [Fast Refresh] done in 42ms @ http://localhost:3000/_next/static/chunks/0484_next_dist_0_l-60x._.js:776
[   69520ms] [LOG] [Fast Refresh] done in 42ms @ http://localhost:3000/_next/static/chunks/0484_next_dist_0_l-60x._.js:776
[   69576ms] [LOG] [Fast Refresh] done in 42ms @ http://localhost:3000/_next/static/chunks/0484_next_dist_0_l-60x._.js:776
[   69708ms] [LOG] [Fast Refresh] done in 42ms @ http://localhost:3000/_next/static/chunks/0484_next_dist_0_l-60x._.js:776
[   69776ms] [LOG] [Fast Refresh] done in 42ms @ http://localhost:3000/_next/static/chunks/0484_next_dist_0_l-60x._.js:776
[   69847ms] [LOG] [Fast Refresh] done in 42ms @ http://localhost:3000/_next/static/chunks/0484_next_dist_0_l-60x._.js:776
[   69923ms] [LOG] [Fast Refresh] done in 42ms @ http://localhost:3000/_next/static/chunks/0484_next_dist_0_l-60x._.js:776
[   69998ms] [LOG] [Fast Refresh] done in 42ms @ http://localhost:3000/_next/static/chunks/0484_next_dist_0_l-60x._.js:776
[   70071ms] [LOG] [Fast Refresh] done in 42ms @ http://localhost:3000/_next/static/chunks/0484_next_dist_0_l-60x._.js:776
[   70153ms] [LOG] [Fast Refresh] done in 42ms @ http://localhost:3000/_next/static/chunks/0484_next_dist_0_l-60x._.js:776
[   70225ms] [LOG] [Fast Refresh] done in 42ms @ http://localhost:3000/_next/static/chunks/0484_next_dist_0_l-60x._.js:776
[   70290ms] [LOG] [Fast Refresh] done in 42ms @ http://localhost:3000/_next/static/chunks/0484_next_dist_0_l-60x._.js:776
[   70356ms] [LOG] [Fast Refresh] done in 42ms @ http://localhost:3000/_next/static/chunks/0484_next_dist_0_l-60x._.js:776
[   70416ms] [LOG] [Fast Refresh] done in 42ms @ http://localhost:3000/_next/static/chunks/0484_next_dist_0_l-60x._.js:776
[   70477ms] [LOG] [Fast Refresh] done in 42ms @ http://localhost:3000/_next/static/chunks/0484_next_dist_0_l-60x._.js:776
[   70541ms] [LOG] [Fast Refresh] done in 42ms @ http://localhost:3000/_next/static/chunks/0484_next_dist_0_l-60x._.js:776
[   70596ms] [LOG] [Fast Refresh] done in 42ms @ http://localhost:3000/_next/static/chunks/0484_next_dist_0_l-60x._.js:776
[   70652ms] [LOG] [Fast Refresh] done in 42ms @ http://localhost:3000/_next/static/chunks/0484_next_dist_0_l-60x._.js:776
[   70712ms] [LOG] [Fast Refresh] done in 42ms @ http://localhost:3000/_next/static/chunks/0484_next_dist_0_l-60x._.js:776
[   70774ms] [LOG] [Fast Refresh] done in 42ms @ http://localhost:3000/_next/static/chunks/0484_next_dist_0_l-60x._.js:776
[   70832ms] [LOG] [Fast Refresh] done in 42ms @ http://localhost:3000/_next/static/chunks/0484_next_dist_0_l-60x._.js:776
[   70889ms] [LOG] [Fast Refresh] done in 42ms @ http://localhost:3000/_next/static/chunks/0484_next_dist_0_l-60x._.js:776
[   70946ms] [LOG] [Fast Refresh] done in 42ms @ http://localhost:3000/_next/static/chunks/0484_next_dist_0_l-60x._.js:776
[   71006ms] [LOG] [Fast Refresh] done in 42ms @ http://localhost:3000/_next/static/chunks/0484_next_dist_0_l-60x._.js:776
[   71064ms] [LOG] [Fast Refresh] done in 42ms @ http://localhost:3000/_next/static/chunks/0484_next_dist_0_l-60x._.js:776
[   71125ms] [LOG] [Fast Refresh] done in 42ms @ http://localhost:3000/_next/static/chunks/0484_next_dist_0_l-60x._.js:776
[   71180ms] [LOG] [Fast Refresh] done in 42ms @ http://localhost:3000/_next/static/chunks/0484_next_dist_0_l-60x._.js:776
[   71241ms] [LOG] [Fast Refresh] done in 42ms @ http://localhost:3000/_next/static/chunks/0484_next_dist_0_l-60x._.js:776
[   71298ms] [LOG] [Fast Refresh] done in 42ms @ http://localhost:3000/_next/static/chunks/0484_next_dist_0_l-60x._.js:776
[   71358ms] [LOG] [Fast Refresh] done in 42ms @ http://localhost:3000/_next/static/chunks/0484_next_dist_0_l-60x._.js:776
[   71422ms] [LOG] [Fast Refresh] done in 42ms @ http://localhost:3000/_next/static/chunks/0484_next_dist_0_l-60x._.js:776
[   71486ms] [LOG] [Fast Refresh] done in 42ms @ http://localhost:3000/_next/static/chunks/0484_next_dist_0_l-60x._.js:776
[   71552ms] [LOG] [Fast Refresh] done in 42ms @ http://localhost:3000/_next/static/chunks/0484_next_dist_0_l-60x._.js:776
[   71616ms] [LOG] [Fast Refresh] done in 42ms @ http://localhost:3000/_next/static/chunks/0484_next_dist_0_l-60x._.js:776
[   71691ms] [LOG] [Fast Refresh] done in 42ms @ http://localhost:3000/_next/static/chunks/0484_next_dist_0_l-60x._.js:776
[   71755ms] [LOG] [Fast Refresh] done in 42ms @ http://localhost:3000/_next/static/chunks/0484_next_dist_0_l-60x._.js:776
[   71815ms] [LOG] [Fast Refresh] done in 42ms @ http://localhost:3000/_next/static/chunks/0484_next_dist_0_l-60x._.js:776
[   71879ms] [LOG] [Fast Refresh] done in 42ms @ http://localhost:3000/_next/static/chunks/0484_next_dist_0_l-60x._.js:776
[   71942ms] [LOG] [Fast Refresh] done in 42ms @ http://localhost:3000/_next/static/chunks/0484_next_dist_0_l-60x._.js:776
[   72010ms] [LOG] [Fast Refresh] done in 42ms @ http://localhost:3000/_next/static/chunks/0484_next_dist_0_l-60x._.js:776
[   72077ms] [LOG] [Fast Refresh] done in 42ms @ http://localhost:3000/_next/static/chunks/0484_next_dist_0_l-60x._.js:776
[   72147ms] [LOG] [Fast Refresh] done in 42ms @ http://localhost:3000/_next/static/chunks/0484_next_dist_0_l-60x._.js:776
[   72226ms] [LOG] [Fast Refresh] done in 42ms @ http://localhost:3000/_next/static/chunks/0484_next_dist_0_l-60x._.js:776
[   72306ms] [LOG] [Fast Refresh] done in 42ms @ http://localhost:3000/_next/static/chunks/0484_next_dist_0_l-60x._.js:776
[   72388ms] [LOG] [Fast Refresh] done in 42ms @ http://localhost:3000/_next/static/chunks/0484_next_dist_0_l-60x._.js:776
[   72447ms] [LOG] [Fast Refresh] done in 42ms @ http://localhost:3000/_next/static/chunks/0484_next_dist_0_l-60x._.js:776
[   72513ms] [LOG] [Fast Refresh] done in 42ms @ http://localhost:3000/_next/static/chunks/0484_next_dist_0_l-60x._.js:776
[   72574ms] [LOG] [Fast Refresh] done in 42ms @ http://localhost:3000/_next/static/chunks/0484_next_dist_0_l-60x._.js:776
[   72636ms] [LOG] [Fast Refresh] done in 42ms @ http://localhost:3000/_next/static/chunks/0484_next_dist_0_l-60x._.js:776
[   72698ms] [LOG] [Fast Refresh] done in 42ms @ http://localhost:3000/_next/static/chunks/0484_next_dist_0_l-60x._.js:776
[   72756ms] [LOG] [Fast Refresh] done in 42ms @ http://localhost:3000/_next/static/chunks/0484_next_dist_0_l-60x._.js:776
[   72817ms] [LOG] [Fast Refresh] done in 42ms @ http://localhost:3000/_next/static/chunks/0484_next_dist_0_l-60x._.js:776
[   72888ms] [LOG] [Fast Refresh] done in 42ms @ http://localhost:3000/_next/static/chunks/0484_next_dist_0_l-60x._.js:776
[   72948ms] [LOG] [Fast Refresh] done in 42ms @ http://localhost:3000/_next/static/chunks/0484_next_dist_0_l-60x._.js:776
[   73013ms] [LOG] [Fast Refresh] done in 42ms @ http://localhost:3000/_next/static/chunks/0484_next_dist_0_l-60x._.js:776
[   73072ms] [LOG] [Fast Refresh] done in 42ms @ http://localhost:3000/_next/static/chunks/0484_next_dist_0_l-60x._.js:776
[   73138ms] [LOG] [Fast Refresh] done in 42ms @ http://localhost:3000/_next/static/chunks/0484_next_dist_0_l-60x._.js:776
[   73215ms] [LOG] [Fast Refresh] done in 42ms @ http://localhost:3000/_next/static/chunks/0484_next_dist_0_l-60x._.js:776
[   73276ms] [LOG] [Fast Refresh] done in 42ms @ http://localhost:3000/_next/static/chunks/0484_next_dist_0_l-60x._.js:776
[   73335ms] [LOG] [Fast Refresh] done in 42ms @ http://localhost:3000/_next/static/chunks/0484_next_dist_0_l-60x._.js:776
[   73393ms] [LOG] [Fast Refresh] done in 42ms @ http://localhost:3000/_next/static/chunks/0484_next_dist_0_l-60x._.js:776
[   73449ms] [LOG] [Fast Refresh] done in 42ms @ http://localhost:3000/_next/static/chunks/0484_next_dist_0_l-60x._.js:776
[   73505ms] [LOG] [Fast Refresh] done in 42ms @ http://localhost:3000/_next/static/chunks/0484_next_dist_0_l-60x._.js:776
[   73566ms] [LOG] [Fast Refresh] done in 42ms @ http://localhost:3000/_next/static/chunks/0484_next_dist_0_l-60x._.js:776
[   73620ms] [LOG] [Fast Refresh] done in 42ms @ http://localhost:3000/_next/static/chunks/0484_next_dist_0_l-60x._.js:776
[   73682ms] [LOG] [Fast Refresh] done in 42ms @ http://localhost:3000/_next/static/chunks/0484_next_dist_0_l-60x._.js:776
[   73745ms] [LOG] [Fast Refresh] done in 42ms @ http://localhost:3000/_next/static/chunks/0484_next_dist_0_l-60x._.js:776
[   73804ms] [LOG] [Fast Refresh] done in 42ms @ http://localhost:3000/_next/static/chunks/0484_next_dist_0_l-60x._.js:776
[   73864ms] [LOG] [Fast Refresh] done in 42ms @ http://localhost:3000/_next/static/chunks/0484_next_dist_0_l-60x._.js:776
[   73927ms] [LOG] [Fast Refresh] done in 42ms @ http://localhost:3000/_next/static/chunks/0484_next_dist_0_l-60x._.js:776
[   73987ms] [LOG] [Fast Refresh] done in 42ms @ http://localhost:3000/_next/static/chunks/0484_next_dist_0_l-60x._.js:776
[   74045ms] [LOG] [Fast Refresh] done in 42ms @ http://localhost:3000/_next/static/chunks/0484_next_dist_0_l-60x._.js:776
[   74097ms] [LOG] [Fast Refresh] done in 42ms @ http://localhost:3000/_next/static/chunks/0484_next_dist_0_l-60x._.js:776
[   74153ms] [LOG] [Fast Refresh] done in 42ms @ http://localhost:3000/_next/static/chunks/0484_next_dist_0_l-60x._.js:776
[   74208ms] [LOG] [Fast Refresh] done in 42ms @ http://localhost:3000/_next/static/chunks/0484_next_dist_0_l-60x._.js:776
[   74268ms] [LOG] [Fast Refresh] done in 42ms @ http://localhost:3000/_next/static/chunks/0484_next_dist_0_l-60x._.js:776
[   74325ms] [LOG] [Fast Refresh] done in 42ms @ http://localhost:3000/_next/static/chunks/0484_next_dist_0_l-60x._.js:776
[   74390ms] [LOG] [Fast Refresh] done in 42ms @ http://localhost:3000/_next/static/chunks/0484_next_dist_0_l-60x._.js:776
[   74451ms] [LOG] [Fast Refresh] done in 42ms @ http://localhost:3000/_next/static/chunks/0484_next_dist_0_l-60x._.js:776
[   74512ms] [LOG] [Fast Refresh] done in 42ms @ http://localhost:3000/_next/static/chunks/0484_next_dist_0_l-60x._.js:776
[   74569ms] [LOG] [Fast Refresh] done in 42ms @ http://localhost:3000/_next/static/chunks/0484_next_dist_0_l-60x._.js:776
[   74622ms] [LOG] [Fast Refresh] done in 42ms @ http://localhost:3000/_next/static/chunks/0484_next_dist_0_l-60x._.js:776
[   74680ms] [LOG] [Fast Refresh] done in 42ms @ http://localhost:3000/_next/static/chunks/0484_next_dist_0_l-60x._.js:776
[   74743ms] [LOG] [Fast Refresh] done in 42ms @ http://localhost:3000/_next/static/chunks/0484_next_dist_0_l-60x._.js:776
[   74799ms] [LOG] [Fast Refresh] done in 42ms @ http://localhost:3000/_next/static/chunks/0484_next_dist_0_l-60x._.js:776
[   74857ms] [LOG] [Fast Refresh] done in 42ms @ http://localhost:3000/_next/static/chunks/0484_next_dist_0_l-60x._.js:776
[   74931ms] [LOG] [Fast Refresh] done in 42ms @ http://localhost:3000/_next/static/chunks/0484_next_dist_0_l-60x._.js:776
[   75006ms] [LOG] [Fast Refresh] done in 42ms @ http://localhost:3000/_next/static/chunks/0484_next_dist_0_l-60x._.js:776
[   75070ms] [LOG] [Fast Refresh] done in 42ms @ http://localhost:3000/_next/static/chunks/0484_next_dist_0_l-60x._.js:776
[   75129ms] [LOG] [Fast Refresh] done in 42ms @ http://localhost:3000/_next/static/chunks/0484_next_dist_0_l-60x._.js:776
[   75185ms] [LOG] [Fast Refresh] done in 42ms @ http://localhost:3000/_next/static/chunks/0484_next_dist_0_l-60x._.js:776
[   75245ms] [LOG] [Fast Refresh] done in 42ms @ http://localhost:3000/_next/static/chunks/0484_next_dist_0_l-60x._.js:776
[   75311ms] [LOG] [Fast Refresh] done in 42ms @ http://localhost:3000/_next/static/chunks/0484_next_dist_0_l-60x._.js:776
[   75370ms] [LOG] [Fast Refresh] done in 42ms @ http://localhost:3000/_next/static/chunks/0484_next_dist_0_l-60x._.js:776
[   75437ms] [LOG] [Fast Refresh] done in 42ms @ http://localhost:3000/_next/static/chunks/0484_next_dist_0_l-60x._.js:776
[   75499ms] [LOG] [Fast Refresh] done in 42ms @ http://localhost:3000/_next/static/chunks/0484_next_dist_0_l-60x._.js:776
[   75562ms] [LOG] [Fast Refresh] done in 42ms @ http://localhost:3000/_next/static/chunks/0484_next_dist_0_l-60x._.js:776
[   75629ms] [LOG] [Fast Refresh] done in 42ms @ http://localhost:3000/_next/static/chunks/0484_next_dist_0_l-60x._.js:776
[   75693ms] [LOG] [Fast Refresh] done in 42ms @ http://localhost:3000/_next/static/chunks/0484_next_dist_0_l-60x._.js:776
[   75760ms] [LOG] [Fast Refresh] done in 42ms @ http://localhost:3000/_next/static/chunks/0484_next_dist_0_l-60x._.js:776
[   75825ms] [LOG] [Fast Refresh] done in 42ms @ http://localhost:3000/_next/static/chunks/0484_next_dist_0_l-60x._.js:776
[   75893ms] [LOG] [Fast Refresh] done in 42ms @ http://localhost:3000/_next/static/chunks/0484_next_dist_0_l-60x._.js:776
[   75966ms] [LOG] [Fast Refresh] done in 42ms @ http://localhost:3000/_next/static/chunks/0484_next_dist_0_l-60x._.js:776
[   76044ms] [LOG] [Fast Refresh] done in 42ms @ http://localhost:3000/_next/static/chunks/0484_next_dist_0_l-60x._.js:776
[   76119ms] [LOG] [Fast Refresh] done in 42ms @ http://localhost:3000/_next/static/chunks/0484_next_dist_0_l-60x._.js:776
[   76198ms] [LOG] [Fast Refresh] done in 42ms @ http://localhost:3000/_next/static/chunks/0484_next_dist_0_l-60x._.js:776
[   76278ms] [LOG] [Fast Refresh] done in 42ms @ http://localhost:3000/_next/static/chunks/0484_next_dist_0_l-60x._.js:776
[   76347ms] [LOG] [Fast Refresh] done in 42ms @ http://localhost:3000/_next/static/chunks/0484_next_dist_0_l-60x._.js:776
[   76418ms] [LOG] [Fast Refresh] done in 42ms @ http://localhost:3000/_next/static/chunks/0484_next_dist_0_l-60x._.js:776
[   76494ms] [LOG] [Fast Refresh] done in 42ms @ http://localhost:3000/_next/static/chunks/0484_next_dist_0_l-60x._.js:776
[   76564ms] [LOG] [Fast Refresh] done in 42ms @ http://localhost:3000/_next/static/chunks/0484_next_dist_0_l-60x._.js:776
[   76633ms] [LOG] [Fast Refresh] done in 42ms @ http://localhost:3000/_next/static/chunks/0484_next_dist_0_l-60x._.js:776
[   76733ms] [LOG] [Fast Refresh] done in 42ms @ http://localhost:3000/_next/static/chunks/0484_next_dist_0_l-60x._.js:776
